hashtag,date,n
#blinks,2021-10-25T17,0.0
#blinks,2021-10-25T18,0.0
#blinks,2021-10-25T19,0.0
#blinks,2021-10-25T20,0.0
#blinks,2021-10-25T21,0.0
#blinks,2021-10-25T22,0.0
#blinks,2021-10-25T23,0.08333333333333333
#blinks,2021-10-26T00,0.08333333333333333
#blinks,2021-10-26T01,0.08333333333333333
#blinks,2021-10-26T02,0.0
#blinks,2021-10-26T03,0.0
#blinks,2021-10-26T04,0.0
#blinks,2021-10-26T05,0.08333333333333333
#blinks,2021-10-26T06,0.08333333333333333
#blinks,2021-10-26T07,0.08333333333333333
#blinks,2021-10-26T08,0.0
#blinks,2021-10-26T09,0.0
#blinks,2021-10-26T10,0.0
#blinks,2021-10-26T11,0.0
#blinks,2021-10-26T12,0.0
#blinks,2021-10-26T13,0.0
#blinks,2021-10-26T14,0.0
#blinks,2021-10-26T15,0.0
#blinks,2021-10-26T16,0.0
#blinks,2021-10-26T17,0.0
#blinks,2021-10-26T18,0.0
#blinks,2021-10-26T19,0.0
#blinks,2021-10-26T20,0.0
#blinks,2021-10-26T21,0.0
#blinks,2021-10-26T22,0.0
#blinks,2021-10-26T23,0.0
#blinks,2021-10-27T00,0.0
#blinks,2021-10-27T01,800.0
#blinks,2021-10-27T02,804.6666666666666
#blinks,2021-10-27T03,805.9333333333334
#blinks,2021-10-27T04,6.633333333333334
#blinks,2021-10-27T05,2.4333333333333336
#blinks,2021-10-27T06,1.7333333333333334
#blinks,2021-10-27T07,1.5
#blinks,2021-10-27T08,1.22
#blinks,2021-10-27T09,0.7633333333333333
#blinks,2021-10-27T10,0.4000000000000001
#blinks,2021-10-27T11,0.26333333333333336
#blinks,2021-10-27T12,0.18266666666666664
#blinks,2021-10-27T13,0.3193333333333333
#blinks,2021-10-27T14,0.476
#blinks,2021-10-27T15,0.6066666666666666
#blinks,2021-10-27T16,0.6966666666666667
#blinks,2021-10-27T17,0.62
#blinks,2021-10-27T18,0.6166666666666666
#blinks,2021-10-27T19,0.49666666666666665
#blinks,2021-10-27T20,0.4633333333333334
#blinks,2021-10-27T21,0.37999999999999995
#blinks,2021-10-27T22,0.27666666666666667
#blinks,2021-10-27T23,0.25666666666666665
#blinks,2021-10-28T00,0.25666666666666665
#blinks,2021-10-28T01,0.5166666666666667
#blinks,2021-10-28T02,0.7566666666666667
#blinks,2021-10-28T03,0.705
#blinks,2021-10-28T04,0.555
#blinks,2021-10-28T05,0.3116666666666667
#blinks,2021-10-28T06,0.41
#blinks,2021-10-28T07,0.38666666666666666
#blinks,2021-10-28T08,0.3733333333333333
#blinks,2021-10-28T09,0.2866666666666667
#blinks,2021-10-28T10,0.22999999999999998
#blinks,2021-10-28T11,0.17900000000000002
#blinks,2021-10-28T12,0.4323333333333333
#blinks,2021-10-28T13,0.629
#blinks,2021-10-28T14,0.71
#blinks,2021-10-28T15,0.42333333333333334
#blinks,2021-10-28T16,0.2866666666666667
#blinks,2021-10-28T17,0.19666666666666666
#climateactioninyourarea,2021-10-25T17,0.0
#climateactioninyourarea,2021-10-25T18,0.0
#climateactioninyourarea,2021-10-25T19,0.0
#climateactioninyourarea,2021-10-25T20,0.0
#climateactioninyourarea,2021-10-25T21,0.0
#climateactioninyourarea,2021-10-25T22,0.0
#climateactioninyourarea,2021-10-25T23,0.0
#climateactioninyourarea,2021-10-26T00,0.0
#climateactioninyourarea,2021-10-26T01,0.0
#climateactioninyourarea,2021-10-26T02,0.0
#climateactioninyourarea,2021-10-26T03,0.0
#climateactioninyourarea,2021-10-26T04,0.0
#climateactioninyourarea,2021-10-26T05,0.0
#climateactioninyourarea,2021-10-26T06,0.0
#climateactioninyourarea,2021-10-26T07,0.08333333333333333
#climateactioninyourarea,2021-10-26T08,0.08333333333333333
#climateactioninyourarea,2021-10-26T09,0.08333333333333333
#climateactioninyourarea,2021-10-26T10,0.0
#climateactioninyourarea,2021-10-26T11,0.0
#climateactioninyourarea,2021-10-26T12,0.0
#climateactioninyourarea,2021-10-26T13,0.0
#climateactioninyourarea,2021-10-26T14,0.0
#climateactioninyourarea,2021-10-26T15,0.0
#climateactioninyourarea,2021-10-26T16,0.0
#climateactioninyourarea,2021-10-26T17,0.0
#climateactioninyourarea,2021-10-26T18,0.0
#climateactioninyourarea,2021-10-26T19,0.0
#climateactioninyourarea,2021-10-26T20,0.0
#climateactioninyourarea,2021-10-26T21,0.0
#climateactioninyourarea,2021-10-26T22,0.0
#climateactioninyourarea,2021-10-26T23,0.0
#climateactioninyourarea,2021-10-27T00,0.0
#climateactioninyourarea,2021-10-27T01,0.0
#climateactioninyourarea,2021-10-27T02,0.6666666666666666
#climateactioninyourarea,2021-10-27T03,0.8933333333333334
#climateactioninyourarea,2021-10-27T04,0.9170000000000001
#climateactioninyourarea,2021-10-27T05,0.37033333333333335
#climateactioninyourarea,2021-10-27T06,0.2803333333333333
#climateactioninyourarea,2021-10-27T07,0.2773333333333334
#climateactioninyourarea,2021-10-27T08,0.22066666666666665
#climateactioninyourarea,2021-10-27T09,0.25066666666666665
#climateactioninyourarea,2021-10-27T10,0.26666666666666666
#climateactioninyourarea,2021-10-27T11,0.22399999999999998
#climateactioninyourarea,2021-10-27T12,0.09733333333333333
#climateactioninyourarea,2021-10-27T13,0.13066666666666668
#climateactioninyourarea,2021-10-27T14,0.15
#climateactioninyourarea,2021-10-27T15,0.10999999999999999
#climateactioninyourarea,2021-10-27T16,0.10999999999999999
#climateactioninyourarea,2021-10-27T17,0.18000000000000002
#climateactioninyourarea,2021-10-27T18,0.3466666666666667
#climateactioninyourarea,2021-10-27T19,0.3166666666666667
#climateactioninyourarea,2021-10-27T20,0.20666666666666667
#climateactioninyourarea,2021-10-27T21,0.04
#climateactioninyourarea,2021-10-27T22,0.11
#climateactioninyourarea,2021-10-27T23,0.11
#climateactioninyourarea,2021-10-28T00,0.11
#climateactioninyourarea,2021-10-28T01,170.0
#climateactioninyourarea,2021-10-28T02,173.66666666666666
#climateactioninyourarea,2021-10-28T03,174.5
#climateactioninyourarea,2021-10-28T04,5.166666666666667
#climateactioninyourarea,2021-10-28T05,1.76
#climateactioninyourarea,2021-10-28T06,1.0733333333333335
#climateactioninyourarea,2021-10-28T07,0.63
#climateactioninyourarea,2021-10-28T08,0.41
#climateactioninyourarea,2021-10-28T09,0.47000000000000003
#climateactioninyourarea,2021-10-28T10,0.3133333333333333
#climateactioninyourarea,2021-10-28T11,0.29633333333333334
#climateactioninyourarea,2021-10-28T12,0.8563333333333333
#climateactioninyourarea,2021-10-28T13,1.3563333333333334
#climateactioninyourarea,2021-10-28T14,4.266666666666667
#climateactioninyourarea,2021-10-28T15,4.633333333333334
#climateactioninyourarea,2021-10-28T16,4.3133333333333335
#climateactioninyourarea,2021-10-28T17,1.38
#cop26glasgow,2021-10-25T17,110.0
#cop26glasgow,2021-10-25T18,160.66666666666666
#cop26glasgow,2021-10-25T19,175.33333333333334
#cop26glasgow,2021-10-25T20,184.33333333333334
#cop26glasgow,2021-10-25T21,177.33333333333334
#cop26glasgow,2021-10-25T22,179.33333333333334
#cop26glasgow,2021-10-25T23,136.0
#cop26glasgow,2021-10-26T00,111.66666666666667
#cop26glasgow,2021-10-26T01,58.0
#cop26glasgow,2021-10-26T02,53.333333333333336
#cop26glasgow,2021-10-26T03,54.0
#cop26glasgow,2021-10-26T04,66.0
#cop26glasgow,2021-10-26T05,95.66666666666667
#cop26glasgow,2021-10-26T06,134.0
#cop26glasgow,2021-10-26T07,160.66666666666666
#cop26glasgow,2021-10-26T08,174.66666666666666
#cop26glasgow,2021-10-26T09,184.33333333333334
#cop26glasgow,2021-10-26T10,202.33333333333334
#cop26glasgow,2021-10-26T11,206.66666666666666
#cop26glasgow,2021-10-26T12,180.33333333333334
#cop26glasgow,2021-10-26T13,172.33333333333334
#cop26glasgow,2021-10-26T14,168.0
#cop26glasgow,2021-10-26T15,174.66666666666666
#cop26glasgow,2021-10-26T16,239.0
#cop26glasgow,2021-10-26T17,236.0
#cop26glasgow,2021-10-26T18,237.33333333333334
#cop26glasgow,2021-10-26T19,160.0
#cop26glasgow,2021-10-26T20,152.33333333333334
#cop26glasgow,2021-10-26T21,140.66666666666666
#cop26glasgow,2021-10-26T22,112.66666666666667
#cop26glasgow,2021-10-26T23,87.0
#cop26glasgow,2021-10-27T00,63.0
#cop26glasgow,2021-10-27T01,49.0
#cop26glasgow,2021-10-27T02,49.333333333333336
#cop26glasgow,2021-10-27T03,63.333333333333336
#cop26glasgow,2021-10-27T04,73.33333333333333
#cop26glasgow,2021-10-27T05,88.0
#cop26glasgow,2021-10-27T06,110.33333333333333
#cop26glasgow,2021-10-27T07,123.66666666666667
#cop26glasgow,2021-10-27T08,126.0
#cop26glasgow,2021-10-27T09,122.0
#cop26glasgow,2021-10-27T10,115.33333333333333
#cop26glasgow,2021-10-27T11,124.0
#cop26glasgow,2021-10-27T12,101.33333333333333
#cop26glasgow,2021-10-27T13,101.66666666666667
#cop26glasgow,2021-10-27T14,102.33333333333333
#cop26glasgow,2021-10-27T15,127.33333333333333
#cop26glasgow,2021-10-27T16,144.33333333333334
#cop26glasgow,2021-10-27T17,131.33333333333334
#cop26glasgow,2021-10-27T18,128.66666666666666
#cop26glasgow,2021-10-27T19,121.33333333333333
#cop26glasgow,2021-10-27T20,121.33333333333333
#cop26glasgow,2021-10-27T21,103.66666666666667
#cop26glasgow,2021-10-27T22,82.33333333333333
#cop26glasgow,2021-10-27T23,68.33333333333333
#cop26glasgow,2021-10-28T00,71.0
#cop26glasgow,2021-10-28T01,70.0
#cop26glasgow,2021-10-28T02,62.666666666666664
#cop26glasgow,2021-10-28T03,46.333333333333336
#cop26glasgow,2021-10-28T04,43.666666666666664
#cop26glasgow,2021-10-28T05,62.666666666666664
#cop26glasgow,2021-10-28T06,82.66666666666667
#cop26glasgow,2021-10-28T07,134.0
#cop26glasgow,2021-10-28T08,147.0
#cop26glasgow,2021-10-28T09,158.33333333333334
#cop26glasgow,2021-10-28T10,147.33333333333334
#cop26glasgow,2021-10-28T11,158.33333333333334
#cop26glasgow,2021-10-28T12,192.33333333333334
#cop26glasgow,2021-10-28T13,174.0
#cop26glasgow,2021-10-28T14,179.33333333333334
#cop26glasgow,2021-10-28T15,131.66666666666666
#cop26glasgow,2021-10-28T16,130.33333333333334
#cop26glasgow,2021-10-28T17,68.66666666666667
#cuba,2021-10-25T17,0.0
#cuba,2021-10-25T18,0.3333333333333333
#cuba,2021-10-25T19,0.3333333333333333
#cuba,2021-10-25T20,0.6666666666666666
#cuba,2021-10-25T21,0.3333333333333333
#cuba,2021-10-25T22,0.3333333333333333
#cuba,2021-10-25T23,0.0
#cuba,2021-10-26T00,0.0
#cuba,2021-10-26T01,0.0
#cuba,2021-10-26T02,0.0
#cuba,2021-10-26T03,0.0
#cuba,2021-10-26T04,0.0
#cuba,2021-10-26T05,0.0
#cuba,2021-10-26T06,0.0
#cuba,2021-10-26T07,0.0
#cuba,2021-10-26T08,0.0
#cuba,2021-10-26T09,0.0
#cuba,2021-10-26T10,0.0
#cuba,2021-10-26T11,0.0
#cuba,2021-10-26T12,0.0
#cuba,2021-10-26T13,0.0
#cuba,2021-10-26T14,0.3333333333333333
#cuba,2021-10-26T15,0.3333333333333333
#cuba,2021-10-26T16,0.3333333333333333
#cuba,2021-10-26T17,0.3333333333333333
#cuba,2021-10-26T18,1.0
#cuba,2021-10-26T19,3.0
#cuba,2021-10-26T20,3.0
#cuba,2021-10-26T21,6.0
#cuba,2021-10-26T22,6.0
#cuba,2021-10-26T23,7.333333333333333
#cuba,2021-10-27T00,4.666666666666667
#cuba,2021-10-27T01,3.3333333333333335
#cuba,2021-10-27T02,1.6666666666666667
#cuba,2021-10-27T03,0.6666666666666666
#cuba,2021-10-27T04,0.3333333333333333
#cuba,2021-10-27T05,0.6666666666666666
#cuba,2021-10-27T06,1.0
#cuba,2021-10-27T07,1.0
#cuba,2021-10-27T08,1.0
#cuba,2021-10-27T09,0.6666666666666666
#cuba,2021-10-27T10,29.333333333333332
#cuba,2021-10-27T11,67.0
#cuba,2021-10-27T12,98.0
#cuba,2021-10-27T13,88.66666666666667
#cuba,2021-10-27T14,65.66666666666667
#cuba,2021-10-27T15,43.666666666666664
#cuba,2021-10-27T16,28.0
#cuba,2021-10-27T17,20.666666666666668
#cuba,2021-10-27T18,14.666666666666666
#cuba,2021-10-27T19,17.0
#cuba,2021-10-27T20,14.0
#cuba,2021-10-27T21,16.333333333333332
#cuba,2021-10-27T22,14.666666666666666
#cuba,2021-10-27T23,23.666666666666668
#cuba,2021-10-28T00,28.0
#cuba,2021-10-28T01,31.0
#cuba,2021-10-28T02,22.666666666666668
#cuba,2021-10-28T03,17.666666666666668
#cuba,2021-10-28T04,11.333333333333334
#cuba,2021-10-28T05,6.666666666666667
#cuba,2021-10-28T06,3.3333333333333335
#cuba,2021-10-28T07,2.3333333333333335
#cuba,2021-10-28T08,2.3333333333333335
#cuba,2021-10-28T09,2.6666666666666665
#cuba,2021-10-28T10,7.333333333333333
#cuba,2021-10-28T11,12.333333333333334
#cuba,2021-10-28T12,16.666666666666668
#cuba,2021-10-28T13,13.333333333333334
#cuba,2021-10-28T14,13.333333333333334
#cuba,2021-10-28T15,8.666666666666666
#cuba,2021-10-28T16,8.333333333333334
#cuba,2021-10-28T17,2.6666666666666665
#economiaverde,2021-10-25T17,0.0
#economiaverde,2021-10-25T18,0.0
#economiaverde,2021-10-25T19,0.0
#economiaverde,2021-10-25T20,0.0
#economiaverde,2021-10-25T21,0.0
#economiaverde,2021-10-25T22,0.0
#economiaverde,2021-10-25T23,0.0
#economiaverde,2021-10-26T00,0.0
#economiaverde,2021-10-26T01,0.0
#economiaverde,2021-10-26T02,0.0
#economiaverde,2021-10-26T03,0.0
#economiaverde,2021-10-26T04,0.0
#economiaverde,2021-10-26T05,0.0
#economiaverde,2021-10-26T06,0.0
#economiaverde,2021-10-26T07,0.0
#economiaverde,2021-10-26T08,0.0
#economiaverde,2021-10-26T09,0.0
#economiaverde,2021-10-26T10,0.0
#economiaverde,2021-10-26T11,0.0
#economiaverde,2021-10-26T12,0.0
#economiaverde,2021-10-26T13,0.0
#economiaverde,2021-10-26T14,0.0
#economiaverde,2021-10-26T15,0.0
#economiaverde,2021-10-26T16,84.66666666666667
#economiaverde,2021-10-26T17,100.66666666666667
#economiaverde,2021-10-26T18,100.66666666666667
#economiaverde,2021-10-26T19,16.0
#economiaverde,2021-10-26T20,0.0
#economiaverde,2021-10-26T21,0.3333333333333333
#economiaverde,2021-10-26T22,0.3333333333333333
#economiaverde,2021-10-26T23,0.3333333333333333
#economiaverde,2021-10-27T00,0.0
#economiaverde,2021-10-27T01,0.0
#economiaverde,2021-10-27T02,0.0
#economiaverde,2021-10-27T03,0.0
#economiaverde,2021-10-27T04,0.0
#economiaverde,2021-10-27T05,0.0
#economiaverde,2021-10-27T06,0.0
#economiaverde,2021-10-27T07,0.0
#economiaverde,2021-10-27T08,0.0
#economiaverde,2021-10-27T09,0.0
#economiaverde,2021-10-27T10,0.0
#economiaverde,2021-10-27T11,0.0
#economiaverde,2021-10-27T12,0.0
#economiaverde,2021-10-27T13,0.0
#economiaverde,2021-10-27T14,0.0
#economiaverde,2021-10-27T15,0.0
#economiaverde,2021-10-27T16,0.0
#economiaverde,2021-10-27T17,0.0
#economiaverde,2021-10-27T18,0.0
#economiaverde,2021-10-27T19,0.0
#economiaverde,2021-10-27T20,0.0
#economiaverde,2021-10-27T21,0.0
#economiaverde,2021-10-27T22,0.0
#economiaverde,2021-10-27T23,0.0
#economiaverde,2021-10-28T00,0.0
#economiaverde,2021-10-28T01,0.0
#economiaverde,2021-10-28T02,0.0
#economiaverde,2021-10-28T03,0.0
#economiaverde,2021-10-28T04,0.0
#economiaverde,2021-10-28T05,0.0
#economiaverde,2021-10-28T06,0.0
#economiaverde,2021-10-28T07,0.0
#economiaverde,2021-10-28T08,0.0
#economiaverde,2021-10-28T09,0.0
#economiaverde,2021-10-28T10,0.0
#economiaverde,2021-10-28T11,0.0
#economiaverde,2021-10-28T12,0.0
#economiaverde,2021-10-28T13,0.0
#economiaverde,2021-10-28T14,0.0
#economiaverde,2021-10-28T15,0.0
#economiaverde,2021-10-28T16,0.0
#economiaverde,2021-10-28T17,0.0
#freedom,2021-10-25T17,0.0
#freedom,2021-10-25T18,0.0
#freedom,2021-10-25T19,0.0
#freedom,2021-10-25T20,0.3333333333333333
#freedom,2021-10-25T21,0.3333333333333333
#freedom,2021-10-25T22,0.6666666666666666
#freedom,2021-10-25T23,0.3333333333333333
#freedom,2021-10-26T00,0.3333333333333333
#freedom,2021-10-26T01,0.3333333333333333
#freedom,2021-10-26T02,0.3333333333333333
#freedom,2021-10-26T03,0.3333333333333333
#freedom,2021-10-26T04,0.0
#freedom,2021-10-26T05,0.0
#freedom,2021-10-26T06,0.0
#freedom,2021-10-26T07,0.0
#freedom,2021-10-26T08,0.0
#freedom,2021-10-26T09,0.0
#freedom,2021-10-26T10,0.0
#freedom,2021-10-26T11,0.0
#freedom,2021-10-26T12,0.0
#freedom,2021-10-26T13,0.0
#freedom,2021-10-26T14,0.0
#freedom,2021-10-26T15,0.0
#freedom,2021-10-26T16,0.0
#freedom,2021-10-26T17,0.0
#freedom,2021-10-26T18,0.0
#freedom,2021-10-26T19,0.0
#freedom,2021-10-26T20,0.0
#freedom,2021-10-26T21,0.0
#freedom,2021-10-26T22,0.0
#freedom,2021-10-26T23,0.0
#freedom,2021-10-27T00,0.0
#freedom,2021-10-27T01,0.0
#freedom,2021-10-27T02,0.0
#freedom,2021-10-27T03,0.0
#freedom,2021-10-27T04,0.0
#freedom,2021-10-27T05,0.0
#freedom,2021-10-27T06,0.0
#freedom,2021-10-27T07,0.0
#freedom,2021-10-27T08,0.0
#freedom,2021-10-27T09,0.0
#freedom,2021-10-27T10,0.0
#freedom,2021-10-27T11,0.0
#freedom,2021-10-27T12,0.0
#freedom,2021-10-27T13,0.0
#freedom,2021-10-27T14,0.0
#freedom,2021-10-27T15,0.0
#freedom,2021-10-27T16,0.0
#freedom,2021-10-27T17,0.0
#freedom,2021-10-27T18,0.0
#freedom,2021-10-27T19,0.0
#freedom,2021-10-27T20,0.0
#freedom,2021-10-27T21,0.3333333333333333
#freedom,2021-10-27T22,0.3333333333333333
#freedom,2021-10-27T23,0.3333333333333333
#freedom,2021-10-28T00,0.0
#freedom,2021-10-28T01,0.0
#freedom,2021-10-28T02,25.333333333333332
#freedom,2021-10-28T03,39.333333333333336
#freedom,2021-10-28T04,46.0
#freedom,2021-10-28T05,25.333333333333332
#freedom,2021-10-28T06,14.333333333333334
#freedom,2021-10-28T07,12.0
#freedom,2021-10-28T08,10.333333333333334
#freedom,2021-10-28T09,10.333333333333334
#freedom,2021-10-28T10,10.0
#freedom,2021-10-28T11,13.333333333333334
#freedom,2021-10-28T12,21.666666666666668
#freedom,2021-10-28T13,24.0
#freedom,2021-10-28T14,21.333333333333332
#freedom,2021-10-28T15,10.333333333333334
#freedom,2021-10-28T16,10.0
#freedom,2021-10-28T17,6.333333333333333
#gabon,2021-10-25T17,2.3333333333333335
#gabon,2021-10-25T18,2.6666666666666665
#gabon,2021-10-25T19,2.6666666666666665
#gabon,2021-10-25T20,0.3333333333333333
#gabon,2021-10-25T21,0.0
#gabon,2021-10-25T22,0.0
#gabon,2021-10-25T23,0.0
#gabon,2021-10-26T00,0.0
#gabon,2021-10-26T01,0.0
#gabon,2021-10-26T02,0.0
#gabon,2021-10-26T03,0.0
#gabon,2021-10-26T04,0.0
#gabon,2021-10-26T05,0.0
#gabon,2021-10-26T06,0.0
#gabon,2021-10-26T07,0.3333333333333333
#gabon,2021-10-26T08,0.6666666666666666
#gabon,2021-10-26T09,0.6666666666666666
#gabon,2021-10-26T10,0.3333333333333333
#gabon,2021-10-26T11,0.0
#gabon,2021-10-26T12,0.0
#gabon,2021-10-26T13,0.6666666666666666
#gabon,2021-10-26T14,1.3333333333333333
#gabon,2021-10-26T15,1.6666666666666667
#gabon,2021-10-26T16,1.0
#gabon,2021-10-26T17,0.3333333333333333
#gabon,2021-10-26T18,0.0
#gabon,2021-10-26T19,14.666666666666666
#gabon,2021-10-26T20,56.666666666666664
#gabon,2021-10-26T21,94.0
#gabon,2021-10-26T22,115.33333333333333
#gabon,2021-10-26T23,81.66666666666667
#gabon,2021-10-27T00,44.666666666666664
#gabon,2021-10-27T01,10.666666666666666
#gabon,2021-10-27T02,2.3333333333333335
#gabon,2021-10-27T03,2.0
#gabon,2021-10-27T04,0.0
#gabon,2021-10-27T05,1.0
#gabon,2021-10-27T06,21.666666666666668
#gabon,2021-10-27T07,21.666666666666668
#gabon,2021-10-27T08,21.333333333333332
#gabon,2021-10-27T09,0.6666666666666666
#gabon,2021-10-27T10,0.6666666666666666
#gabon,2021-10-27T11,0.0
#gabon,2021-10-27T12,0.3333333333333333
#gabon,2021-10-27T13,1.6666666666666667
#gabon,2021-10-27T14,9.0
#gabon,2021-10-27T15,8.666666666666666
#gabon,2021-10-27T16,7.333333333333333
#gabon,2021-10-27T17,0.0
#gabon,2021-10-27T18,0.0
#gabon,2021-10-27T19,5.333333333333333
#gabon,2021-10-27T20,5.333333333333333
#gabon,2021-10-27T21,6.0
#gabon,2021-10-27T22,0.6666666666666666
#gabon,2021-10-27T23,0.6666666666666666
#gabon,2021-10-28T00,0.0
#gabon,2021-10-28T01,0.3333333333333333
#gabon,2021-10-28T02,0.3333333333333333
#gabon,2021-10-28T03,0.3333333333333333
#gabon,2021-10-28T04,23.0
#gabon,2021-10-28T05,25.0
#gabon,2021-10-28T06,25.333333333333332
#gabon,2021-10-28T07,2.3333333333333335
#gabon,2021-10-28T08,0.6666666666666666
#gabon,2021-10-28T09,0.6666666666666666
#gabon,2021-10-28T10,1.0
#gabon,2021-10-28T11,0.6666666666666666
#gabon,2021-10-28T12,1.0
#gabon,2021-10-28T13,1.3333333333333333
#gabon,2021-10-28T14,1.3333333333333333
#gabon,2021-10-28T15,0.6666666666666666
#gabon,2021-10-28T16,0.3333333333333333
#gabon,2021-10-28T17,0.3333333333333333
#glasgow,2021-10-25T17,35.0
#glasgow,2021-10-25T18,49.0
#glasgow,2021-10-25T19,63.666666666666664
#glasgow,2021-10-25T20,67.66666666666667
#glasgow,2021-10-25T21,66.0
#glasgow,2021-10-25T22,37.333333333333336
#glasgow,2021-10-25T23,26.333333333333332
#glasgow,2021-10-26T00,24.0
#glasgow,2021-10-26T01,26.333333333333332
#glasgow,2021-10-26T02,26.0
#glasgow,2021-10-26T03,22.333333333333332
#glasgow,2021-10-26T04,25.666666666666668
#glasgow,2021-10-26T05,35.0
#glasgow,2021-10-26T06,57.666666666666664
#glasgow,2021-10-26T07,89.66666666666667
#glasgow,2021-10-26T08,114.33333333333333
#glasgow,2021-10-26T09,133.66666666666666
#glasgow,2021-10-26T10,129.33333333333334
#glasgow,2021-10-26T11,117.0
#glasgow,2021-10-26T12,107.0
#glasgow,2021-10-26T13,97.66666666666667
#glasgow,2021-10-26T14,98.33333333333333
#glasgow,2021-10-26T15,91.66666666666667
#glasgow,2021-10-26T16,93.33333333333333
#glasgow,2021-10-26T17,85.33333333333333
#glasgow,2021-10-26T18,66.66666666666667
#glasgow,2021-10-26T19,56.333333333333336
#glasgow,2021-10-26T20,52.0
#glasgow,2021-10-26T21,59.0
#glasgow,2021-10-26T22,43.666666666666664
#glasgow,2021-10-26T23,33.0
#glasgow,2021-10-27T00,18.333333333333332
#glasgow,2021-10-27T01,20.333333333333332
#glasgow,2021-10-27T02,21.333333333333332
#glasgow,2021-10-27T03,22.0
#glasgow,2021-10-27T04,21.0
#glasgow,2021-10-27T05,29.666666666666668
#glasgow,2021-10-27T06,51.666666666666664
#glasgow,2021-10-27T07,70.66666666666667
#glasgow,2021-10-27T08,73.0
#glasgow,2021-10-27T09,56.0
#glasgow,2021-10-27T10,48.333333333333336
#glasgow,2021-10-27T11,44.333333333333336
#glasgow,2021-10-27T12,50.666666666666664
#glasgow,2021-10-27T13,43.333333333333336
#glasgow,2021-10-27T14,42.333333333333336
#glasgow,2021-10-27T15,39.666666666666664
#glasgow,2021-10-27T16,39.666666666666664
#glasgow,2021-10-27T17,39.666666666666664
#glasgow,2021-10-27T18,39.0
#glasgow,2021-10-27T19,40.333333333333336
#glasgow,2021-10-27T20,34.333333333333336
#glasgow,2021-10-27T21,29.0
#glasgow,2021-10-27T22,22.666666666666668
#glasgow,2021-10-27T23,22.0
#glasgow,2021-10-28T00,15.666666666666666
#glasgow,2021-10-28T01,14.333333333333334
#glasgow,2021-10-28T02,14.333333333333334
#glasgow,2021-10-28T03,16.333333333333332
#glasgow,2021-10-28T04,16.333333333333332
#glasgow,2021-10-28T05,15.666666666666666
#glasgow,2021-10-28T06,22.666666666666668
#glasgow,2021-10-28T07,34.333333333333336
#glasgow,2021-10-28T08,49.0
#glasgow,2021-10-28T09,54.333333333333336
#glasgow,2021-10-28T10,58.0
#glasgow,2021-10-28T11,56.666666666666664
#glasgow,2021-10-28T12,87.33333333333333
#glasgow,2021-10-28T13,92.0
#glasgow,2021-10-28T14,94.0
#glasgow,2021-10-28T15,67.33333333333333
#glasgow,2021-10-28T16,62.0
#glasgow,2021-10-28T17,40.0
#impactonhumanity,2021-10-25T17,0.0
#impactonhumanity,2021-10-25T18,0.0
#impactonhumanity,2021-10-25T19,0.0
#impactonhumanity,2021-10-25T20,0.0
#impactonhumanity,2021-10-25T21,0.0
#impactonhumanity,2021-10-25T22,0.0
#impactonhumanity,2021-10-25T23,0.0
#impactonhumanity,2021-10-26T00,0.0
#impactonhumanity,2021-10-26T01,0.0
#impactonhumanity,2021-10-26T02,0.0
#impactonhumanity,2021-10-26T03,0.0
#impactonhumanity,2021-10-26T04,0.0
#impactonhumanity,2021-10-26T05,0.0
#impactonhumanity,2021-10-26T06,0.0
#impactonhumanity,2021-10-26T07,0.0
#impactonhumanity,2021-10-26T08,0.0
#impactonhumanity,2021-10-26T09,0.0
#impactonhumanity,2021-10-26T10,0.0
#impactonhumanity,2021-10-26T11,0.0
#impactonhumanity,2021-10-26T12,0.0
#impactonhumanity,2021-10-26T13,0.0
#impactonhumanity,2021-10-26T14,0.0
#impactonhumanity,2021-10-26T15,0.0
#impactonhumanity,2021-10-26T16,0.0
#impactonhumanity,2021-10-26T17,0.0
#impactonhumanity,2021-10-26T18,0.0
#impactonhumanity,2021-10-26T19,14.666666666666666
#impactonhumanity,2021-10-26T20,56.0
#impactonhumanity,2021-10-26T21,94.33333333333333
#impactonhumanity,2021-10-26T22,115.0
#impactonhumanity,2021-10-26T23,81.0
#impactonhumanity,2021-10-27T00,42.666666666666664
#impactonhumanity,2021-10-27T01,8.666666666666666
#impactonhumanity,2021-10-27T02,1.3333333333333333
#impactonhumanity,2021-10-27T03,1.3333333333333333
#impactonhumanity,2021-10-27T04,0.0
#impactonhumanity,2021-10-27T05,1.3333333333333333
#impactonhumanity,2021-10-27T06,22.0
#impactonhumanity,2021-10-27T07,22.0
#impactonhumanity,2021-10-27T08,22.333333333333332
#impactonhumanity,2021-10-27T09,1.6666666666666667
#impactonhumanity,2021-10-27T10,1.6666666666666667
#impactonhumanity,2021-10-27T11,0.0
#impactonhumanity,2021-10-27T12,0.3333333333333333
#impactonhumanity,2021-10-27T13,1.6666666666666667
#impactonhumanity,2021-10-27T14,9.0
#impactonhumanity,2021-10-27T15,8.666666666666666
#impactonhumanity,2021-10-27T16,7.333333333333333
#impactonhumanity,2021-10-27T17,0.0
#impactonhumanity,2021-10-27T18,0.0
#impactonhumanity,2021-10-27T19,5.333333333333333
#impactonhumanity,2021-10-27T20,5.333333333333333
#impactonhumanity,2021-10-27T21,5.666666666666667
#impactonhumanity,2021-10-27T22,0.3333333333333333
#impactonhumanity,2021-10-27T23,0.3333333333333333
#impactonhumanity,2021-10-28T00,0.0
#impactonhumanity,2021-10-28T01,0.3333333333333333
#impactonhumanity,2021-10-28T02,0.3333333333333333
#impactonhumanity,2021-10-28T03,0.3333333333333333
#impactonhumanity,2021-10-28T04,22.666666666666668
#impactonhumanity,2021-10-28T05,22.666666666666668
#impactonhumanity,2021-10-28T06,23.0
#impactonhumanity,2021-10-28T07,0.3333333333333333
#impactonhumanity,2021-10-28T08,0.3333333333333333
#impactonhumanity,2021-10-28T09,0.0
#impactonhumanity,2021-10-28T10,0.0
#impactonhumanity,2021-10-28T11,0.0
#impactonhumanity,2021-10-28T12,0.0
#impactonhumanity,2021-10-28T13,0.0
#impactonhumanity,2021-10-28T14,0.0
#impactonhumanity,2021-10-28T15,0.0
#impactonhumanity,2021-10-28T16,0.0
#impactonhumanity,2021-10-28T17,0.0
#jennie,2021-10-25T17,0.0
#jennie,2021-10-25T18,0.0
#jennie,2021-10-25T19,0.0
#jennie,2021-10-25T20,0.0
#jennie,2021-10-25T21,0.0
#jennie,2021-10-25T22,0.0
#jennie,2021-10-25T23,0.0
#jennie,2021-10-26T00,0.0
#jennie,2021-10-26T01,0.0
#jennie,2021-10-26T02,0.0
#jennie,2021-10-26T03,0.0
#jennie,2021-10-26T04,0.0
#jennie,2021-10-26T05,0.0
#jennie,2021-10-26T06,0.0
#jennie,2021-10-26T07,0.3333333333333333
#jennie,2021-10-26T08,0.3333333333333333
#jennie,2021-10-26T09,0.3333333333333333
#jennie,2021-10-26T10,0.0
#jennie,2021-10-26T11,0.0
#jennie,2021-10-26T12,0.3333333333333333
#jennie,2021-10-26T13,0.3333333333333333
#jennie,2021-10-26T14,0.3333333333333333
#jennie,2021-10-26T15,0.0
#jennie,2021-10-26T16,0.0
#jennie,2021-10-26T17,0.0
#jennie,2021-10-26T18,0.0
#jennie,2021-10-26T19,0.0
#jennie,2021-10-26T20,0.0
#jennie,2021-10-26T21,0.0
#jennie,2021-10-26T22,0.0
#jennie,2021-10-26T23,0.0
#jennie,2021-10-27T00,0.0
#jennie,2021-10-27T01,32.333333333333336
#jennie,2021-10-27T02,41.333333333333336
#jennie,2021-10-27T03,45.0
#jennie,2021-10-27T04,15.333333333333334
#jennie,2021-10-27T05,11.333333333333334
#jennie,2021-10-27T06,9.333333333333334
#jennie,2021-10-27T07,9.0
#jennie,2021-10-27T08,6.0
#jennie,2021-10-27T09,7.0
#jennie,2021-10-27T10,6.0
#jennie,2021-10-27T11,6.333333333333333
#jennie,2021-10-27T12,5.666666666666667
#jennie,2021-10-27T13,6.666666666666667
#jennie,2021-10-27T14,6.0
#jennie,2021-10-27T15,5.0
#jennie,2021-10-27T16,3.3333333333333335
#jennie,2021-10-27T17,2.0
#jennie,2021-10-27T18,1.6666666666666667
#jennie,2021-10-27T19,1.0
#jennie,2021-10-27T20,2.0
#jennie,2021-10-27T21,1.6666666666666667
#jennie,2021-10-27T22,1.6666666666666667
#jennie,2021-10-27T23,0.3333333333333333
#jennie,2021-10-28T00,0.3333333333333333
#jennie,2021-10-28T01,1.6666666666666667
#jennie,2021-10-28T02,2.0
#jennie,2021-10-28T03,1.6666666666666667
#jennie,2021-10-28T04,0.3333333333333333
#jennie,2021-10-28T05,0.0
#jennie,2021-10-28T06,0.0
#jennie,2021-10-28T07,0.0
#jennie,2021-10-28T08,0.0
#jennie,2021-10-28T09,0.0
#jennie,2021-10-28T10,0.0
#jennie,2021-10-28T11,0.0
#jennie,2021-10-28T12,0.0
#jennie,2021-10-28T13,1.0
#jennie,2021-10-28T14,1.0
#jennie,2021-10-28T15,1.3333333333333333
#jennie,2021-10-28T16,0.3333333333333333
#jennie,2021-10-28T17,0.3333333333333333
#madagascar,2021-10-25T17,0.0
#madagascar,2021-10-25T18,0.0
#madagascar,2021-10-25T19,0.0
#madagascar,2021-10-25T20,0.0
#madagascar,2021-10-25T21,0.0
#madagascar,2021-10-25T22,0.0
#madagascar,2021-10-25T23,0.0
#madagascar,2021-10-26T00,0.0
#madagascar,2021-10-26T01,0.0
#madagascar,2021-10-26T02,0.0
#madagascar,2021-10-26T03,0.0
#madagascar,2021-10-26T04,0.0
#madagascar,2021-10-26T05,0.0
#madagascar,2021-10-26T06,0.0
#madagascar,2021-10-26T07,0.0
#madagascar,2021-10-26T08,0.0
#madagascar,2021-10-26T09,0.0
#madagascar,2021-10-26T10,0.0
#madagascar,2021-10-26T11,0.0
#madagascar,2021-10-26T12,0.0
#madagascar,2021-10-26T13,34.333333333333336
#madagascar,2021-10-26T14,58.333333333333336
#madagascar,2021-10-26T15,75.33333333333333
#madagascar,2021-10-26T16,60.666666666666664
#madagascar,2021-10-26T17,54.0
#madagascar,2021-10-26T18,56.333333333333336
#madagascar,2021-10-26T19,53.0
#madagascar,2021-10-26T20,54.666666666666664
#madagascar,2021-10-26T21,48.333333333333336
#madagascar,2021-10-26T22,39.666666666666664
#madagascar,2021-10-26T23,25.666666666666668
#madagascar,2021-10-27T00,16.0
#madagascar,2021-10-27T01,14.333333333333334
#madagascar,2021-10-27T02,11.666666666666666
#madagascar,2021-10-27T03,14.333333333333334
#madagascar,2021-10-27T04,14.666666666666666
#madagascar,2021-10-27T05,20.666666666666668
#madagascar,2021-10-27T06,24.333333333333332
#madagascar,2021-10-27T07,27.333333333333332
#madagascar,2021-10-27T08,31.666666666666668
#madagascar,2021-10-27T09,30.0
#madagascar,2021-10-27T10,34.333333333333336
#madagascar,2021-10-27T11,35.333333333333336
#madagascar,2021-10-27T12,34.333333333333336
#madagascar,2021-10-27T13,31.0
#madagascar,2021-10-27T14,22.333333333333332
#madagascar,2021-10-27T15,17.333333333333332
#madagascar,2021-10-27T16,11.0
#madagascar,2021-10-27T17,12.333333333333334
#madagascar,2021-10-27T18,14.333333333333334
#madagascar,2021-10-27T19,13.333333333333334
#madagascar,2021-10-27T20,9.666666666666666
#madagascar,2021-10-27T21,9.333333333333334
#madagascar,2021-10-27T22,7.666666666666667
#madagascar,2021-10-27T23,5.666666666666667
#madagascar,2021-10-28T00,2.6666666666666665
#madagascar,2021-10-28T01,1.3333333333333333
#madagascar,2021-10-28T02,2.3333333333333335
#madagascar,2021-10-28T03,2.6666666666666665
#madagascar,2021-10-28T04,3.6666666666666665
#madagascar,2021-10-28T05,3.0
#madagascar,2021-10-28T06,2.3333333333333335
#madagascar,2021-10-28T07,4.333333333333333
#madagascar,2021-10-28T08,4.333333333333333
#madagascar,2021-10-28T09,4.333333333333333
#madagascar,2021-10-28T10,2.3333333333333335
#madagascar,2021-10-28T11,2.3333333333333335
#madagascar,2021-10-28T12,5.333333333333333
#madagascar,2021-10-28T13,4.666666666666667
#madagascar,2021-10-28T14,5.0
#madagascar,2021-10-28T15,1.6666666666666667
#madagascar,2021-10-28T16,3.3333333333333335
#madagascar,2021-10-28T17,2.0
#mgisummit,2021-10-25T17,1.3333333333333333
#mgisummit,2021-10-25T18,2.0
#mgisummit,2021-10-25T19,1.3333333333333333
#mgisummit,2021-10-25T20,1.3333333333333333
#mgisummit,2021-10-25T21,0.6666666666666666
#mgisummit,2021-10-25T22,0.6666666666666666
#mgisummit,2021-10-25T23,0.3333333333333333
#mgisummit,2021-10-26T00,0.3333333333333333
#mgisummit,2021-10-26T01,0.0
#mgisummit,2021-10-26T02,0.0
#mgisummit,2021-10-26T03,0.0
#mgisummit,2021-10-26T04,0.0
#mgisummit,2021-10-26T05,0.0
#mgisummit,2021-10-26T06,0.0
#mgisummit,2021-10-26T07,0.0
#mgisummit,2021-10-26T08,1.3333333333333333
#mgisummit,2021-10-26T09,1.3333333333333333
#mgisummit,2021-10-26T10,1.3333333333333333
#mgisummit,2021-10-26T11,0.0
#mgisummit,2021-10-26T12,0.0
#mgisummit,2021-10-26T13,0.0
#mgisummit,2021-10-26T14,0.0
#mgisummit,2021-10-26T15,0.0
#mgisummit,2021-10-26T16,0.0
#mgisummit,2021-10-26T17,0.3333333333333333
#mgisummit,2021-10-26T18,0.3333333333333333
#mgisummit,2021-10-26T19,14.333333333333334
#mgisummit,2021-10-26T20,55.0
#mgisummit,2021-10-26T21,93.0
#mgisummit,2021-10-26T22,114.66666666666667
#mgisummit,2021-10-26T23,81.33333333333333
#mgisummit,2021-10-27T00,43.333333333333336
#mgisummit,2021-10-27T01,9.333333333333334
#mgisummit,2021-10-27T02,1.6666666666666667
#mgisummit,2021-10-27T03,1.6666666666666667
#mgisummit,2021-10-27T04,0.0
#mgisummit,2021-10-27T05,1.0
#mgisummit,2021-10-27T06,21.333333333333332
#mgisummit,2021-10-27T07,21.333333333333332
#mgisummit,2021-10-27T08,21.0
#mgisummit,2021-10-27T09,0.6666666666666666
#mgisummit,2021-10-27T10,0.6666666666666666
#mgisummit,2021-10-27T11,0.0
#mgisummit,2021-10-27T12,0.3333333333333333
#mgisummit,2021-10-27T13,1.6666666666666667
#mgisummit,2021-10-27T14,9.0
#mgisummit,2021-10-27T15,8.666666666666666
#mgisummit,2021-10-27T16,7.333333333333333
#mgisummit,2021-10-27T17,0.0
#mgisummit,2021-10-27T18,0.0
#mgisummit,2021-10-27T19,5.333333333333333
#mgisummit,2021-10-27T20,5.333333333333333
#mgisummit,2021-10-27T21,5.666666666666667
#mgisummit,2021-10-27T22,0.3333333333333333
#mgisummit,2021-10-27T23,0.3333333333333333
#mgisummit,2021-10-28T00,0.0
#mgisummit,2021-10-28T01,0.3333333333333333
#mgisummit,2021-10-28T02,0.3333333333333333
#mgisummit,2021-10-28T03,0.3333333333333333
#mgisummit,2021-10-28T04,22.666666666666668
#mgisummit,2021-10-28T05,22.666666666666668
#mgisummit,2021-10-28T06,23.0
#mgisummit,2021-10-28T07,0.3333333333333333
#mgisummit,2021-10-28T08,0.3333333333333333
#mgisummit,2021-10-28T09,0.0
#mgisummit,2021-10-28T10,0.0
#mgisummit,2021-10-28T11,0.0
#mgisummit,2021-10-28T12,0.0
#mgisummit,2021-10-28T13,0.0
#mgisummit,2021-10-28T14,0.0
#mgisummit,2021-10-28T15,0.0
#mgisummit,2021-10-28T16,0.0
#mgisummit,2021-10-28T17,0.0
#netzero,2021-10-25T17,23.333333333333332
#netzero,2021-10-25T18,34.666666666666664
#netzero,2021-10-25T19,37.333333333333336
#netzero,2021-10-25T20,30.0
#netzero,2021-10-25T21,28.0
#netzero,2021-10-25T22,22.666666666666668
#netzero,2021-10-25T23,21.666666666666668
#netzero,2021-10-26T00,28.0
#netzero,2021-10-26T01,37.0
#netzero,2021-10-26T02,39.0
#netzero,2021-10-26T03,33.333333333333336
#netzero,2021-10-26T04,28.666666666666668
#netzero,2021-10-26T05,46.666666666666664
#netzero,2021-10-26T06,73.33333333333333
#netzero,2021-10-26T07,95.0
#netzero,2021-10-26T08,101.33333333333333
#netzero,2021-10-26T09,90.33333333333333
#netzero,2021-10-26T10,80.66666666666667
#netzero,2021-10-26T11,68.66666666666667
#netzero,2021-10-26T12,62.666666666666664
#netzero,2021-10-26T13,58.333333333333336
#netzero,2021-10-26T14,57.333333333333336
#netzero,2021-10-26T15,51.666666666666664
#netzero,2021-10-26T16,45.333333333333336
#netzero,2021-10-26T17,38.666666666666664
#netzero,2021-10-26T18,35.0
#netzero,2021-10-26T19,42.0
#netzero,2021-10-26T20,43.666666666666664
#netzero,2021-10-26T21,44.333333333333336
#netzero,2021-10-26T22,35.333333333333336
#netzero,2021-10-26T23,28.0
#netzero,2021-10-27T00,28.333333333333332
#netzero,2021-10-27T01,28.666666666666668
#netzero,2021-10-27T02,43.333333333333336
#netzero,2021-10-27T03,52.0
#netzero,2021-10-27T04,66.33333333333333
#netzero,2021-10-27T05,64.33333333333333
#netzero,2021-10-27T06,74.33333333333333
#netzero,2021-10-27T07,80.0
#netzero,2021-10-27T08,93.0
#netzero,2021-10-27T09,96.0
#netzero,2021-10-27T10,94.66666666666667
#netzero,2021-10-27T11,85.66666666666667
#netzero,2021-10-27T12,78.66666666666667
#netzero,2021-10-27T13,73.33333333333333
#netzero,2021-10-27T14,74.66666666666667
#netzero,2021-10-27T15,71.33333333333333
#netzero,2021-10-27T16,59.0
#netzero,2021-10-27T17,49.333333333333336
#netzero,2021-10-27T18,36.666666666666664
#netzero,2021-10-27T19,44.666666666666664
#netzero,2021-10-27T20,43.0
#netzero,2021-10-27T21,54.666666666666664
#netzero,2021-10-27T22,58.0
#netzero,2021-10-27T23,56.333333333333336
#netzero,2021-10-28T00,56.333333333333336
#netzero,2021-10-28T01,51.333333333333336
#netzero,2021-10-28T02,50.666666666666664
#netzero,2021-10-28T03,38.333333333333336
#netzero,2021-10-28T04,36.0
#netzero,2021-10-28T05,44.0
#netzero,2021-10-28T06,67.0
#netzero,2021-10-28T07,87.33333333333333
#netzero,2021-10-28T08,100.0
#netzero,2021-10-28T09,94.66666666666667
#netzero,2021-10-28T10,92.66666666666667
#netzero,2021-10-28T11,94.0
#netzero,2021-10-28T12,141.66666666666666
#netzero,2021-10-28T13,137.66666666666666
#netzero,2021-10-28T14,123.33333333333333
#netzero,2021-10-28T15,82.0
#netzero,2021-10-28T16,73.33333333333333
#netzero,2021-10-28T17,53.666666666666664
#netzeroreview,2021-10-25T17,0.0
#netzeroreview,2021-10-25T18,0.0
#netzeroreview,2021-10-25T19,0.0
#netzeroreview,2021-10-25T20,0.0
#netzeroreview,2021-10-25T21,0.0
#netzeroreview,2021-10-25T22,0.0
#netzeroreview,2021-10-25T23,0.0
#netzeroreview,2021-10-26T00,0.0
#netzeroreview,2021-10-26T01,0.0
#netzeroreview,2021-10-26T02,0.0
#netzeroreview,2021-10-26T03,0.0
#netzeroreview,2021-10-26T04,0.0
#netzeroreview,2021-10-26T05,0.0
#netzeroreview,2021-10-26T06,0.0
#netzeroreview,2021-10-26T07,0.0
#netzeroreview,2021-10-26T08,0.0
#netzeroreview,2021-10-26T09,0.0
#netzeroreview,2021-10-26T10,0.0
#netzeroreview,2021-10-26T11,0.0
#netzeroreview,2021-10-26T12,0.0
#netzeroreview,2021-10-26T13,0.0
#netzeroreview,2021-10-26T14,0.0
#netzeroreview,2021-10-26T15,0.0
#netzeroreview,2021-10-26T16,0.0
#netzeroreview,2021-10-26T17,0.0
#netzeroreview,2021-10-26T18,0.0
#netzeroreview,2021-10-26T19,0.0
#netzeroreview,2021-10-26T20,0.0
#netzeroreview,2021-10-26T21,0.0
#netzeroreview,2021-10-26T22,0.0
#netzeroreview,2021-10-26T23,0.0
#netzeroreview,2021-10-27T00,0.0
#netzeroreview,2021-10-27T01,0.0
#netzeroreview,2021-10-27T02,0.0
#netzeroreview,2021-10-27T03,0.0
#netzeroreview,2021-10-27T04,0.0
#netzeroreview,2021-10-27T05,0.0
#netzeroreview,2021-10-27T06,0.0
#netzeroreview,2021-10-27T07,0.0
#netzeroreview,2021-10-27T08,0.0
#netzeroreview,2021-10-27T09,0.0
#netzeroreview,2021-10-27T10,0.0
#netzeroreview,2021-10-27T11,0.0
#netzeroreview,2021-10-27T12,0.0
#netzeroreview,2021-10-27T13,0.0
#netzeroreview,2021-10-27T14,0.0
#netzeroreview,2021-10-27T15,61.666666666666664
#netzeroreview,2021-10-27T16,88.0
#netzeroreview,2021-10-27T17,106.33333333333333
#netzeroreview,2021-10-27T18,55.0
#netzeroreview,2021-10-27T19,37.333333333333336
#netzeroreview,2021-10-27T20,29.0
#netzeroreview,2021-10-27T21,24.333333333333332
#netzeroreview,2021-10-27T22,17.666666666666668
#netzeroreview,2021-10-27T23,8.666666666666666
#netzeroreview,2021-10-28T00,4.666666666666667
#netzeroreview,2021-10-28T01,3.0
#netzeroreview,2021-10-28T02,3.0
#netzeroreview,2021-10-28T03,1.3333333333333333
#netzeroreview,2021-10-28T04,3.0
#netzeroreview,2021-10-28T05,6.0
#netzeroreview,2021-10-28T06,10.666666666666666
#netzeroreview,2021-10-28T07,12.0
#netzeroreview,2021-10-28T08,9.666666666666666
#netzeroreview,2021-10-28T09,8.333333333333334
#netzeroreview,2021-10-28T10,13.0
#netzeroreview,2021-10-28T11,15.333333333333334
#netzeroreview,2021-10-28T12,17.333333333333332
#netzeroreview,2021-10-28T13,10.666666666666666
#netzeroreview,2021-10-28T14,8.666666666666666
#netzeroreview,2021-10-28T15,4.0
#netzeroreview,2021-10-28T16,4.0
#netzeroreview,2021-10-28T17,2.0
#oban,2021-10-25T17,23.333333333333332
#oban,2021-10-25T18,32.666666666666664
#oban,2021-10-25T19,24.333333333333332
#oban,2021-10-25T20,25.0
#oban,2021-10-25T21,23.0
#oban,2021-10-25T22,17.0
#oban,2021-10-25T23,12.0
#oban,2021-10-26T00,7.666666666666667
#oban,2021-10-26T01,7.0
#oban,2021-10-26T02,6.666666666666667
#oban,2021-10-26T03,7.0
#oban,2021-10-26T04,38.0
#oban,2021-10-26T05,56.333333333333336
#oban,2021-10-26T06,69.66666666666667
#oban,2021-10-26T07,51.333333333333336
#oban,2021-10-26T08,46.666666666666664
#oban,2021-10-26T09,42.333333333333336
#oban,2021-10-26T10,40.333333333333336
#oban,2021-10-26T11,34.0
#oban,2021-10-26T12,25.666666666666668
#oban,2021-10-26T13,17.0
#oban,2021-10-26T14,12.0
#oban,2021-10-26T15,10.666666666666666
#oban,2021-10-26T16,9.333333333333334
#oban,2021-10-26T17,7.333333333333333
#oban,2021-10-26T18,6.666666666666667
#oban,2021-10-26T19,4.666666666666667
#oban,2021-10-26T20,13.0
#oban,2021-10-26T21,12.0
#oban,2021-10-26T22,11.666666666666666
#oban,2021-10-26T23,2.6666666666666665
#oban,2021-10-27T00,1.6666666666666667
#oban,2021-10-27T01,1.0
#oban,2021-10-27T02,0.0
#oban,2021-10-27T03,1.6666666666666667
#oban,2021-10-27T04,2.3333333333333335
#oban,2021-10-27T05,4.0
#oban,2021-10-27T06,3.3333333333333335
#oban,2021-10-27T07,3.6666666666666665
#oban,2021-10-27T08,2.3333333333333335
#oban,2021-10-27T09,1.6666666666666667
#oban,2021-10-27T10,0.6666666666666666
#oban,2021-10-27T11,2.3333333333333335
#oban,2021-10-27T12,2.0
#oban,2021-10-27T13,2.6666666666666665
#oban,2021-10-27T14,0.6666666666666666
#oban,2021-10-27T15,1.3333333333333333
#oban,2021-10-27T16,1.3333333333333333
#oban,2021-10-27T17,1.3333333333333333
#oban,2021-10-27T18,1.0
#oban,2021-10-27T19,0.6666666666666666
#oban,2021-10-27T20,1.3333333333333333
#oban,2021-10-27T21,2.0
#oban,2021-10-27T22,2.3333333333333335
#oban,2021-10-27T23,1.6666666666666667
#oban,2021-10-28T00,1.3333333333333333
#oban,2021-10-28T01,1.0
#oban,2021-10-28T02,1.0
#oban,2021-10-28T03,0.6666666666666666
#oban,2021-10-28T04,0.6666666666666666
#oban,2021-10-28T05,1.0
#oban,2021-10-28T06,0.6666666666666666
#oban,2021-10-28T07,0.3333333333333333
#oban,2021-10-28T08,0.0
#oban,2021-10-28T09,0.0
#oban,2021-10-28T10,0.6666666666666666
#oban,2021-10-28T11,0.6666666666666666
#oban,2021-10-28T12,1.3333333333333333
#oban,2021-10-28T13,0.6666666666666666
#oban,2021-10-28T14,0.6666666666666666
#oban,2021-10-28T15,0.6666666666666666
#oban,2021-10-28T16,0.6666666666666666
#oban,2021-10-28T17,0.6666666666666666
#parisagreement,2021-10-25T17,6.333333333333333
#parisagreement,2021-10-25T18,8.0
#parisagreement,2021-10-25T19,6.0
#parisagreement,2021-10-25T20,3.6666666666666665
#parisagreement,2021-10-25T21,2.6666666666666665
#parisagreement,2021-10-25T22,2.3333333333333335
#parisagreement,2021-10-25T23,2.0
#parisagreement,2021-10-26T00,2.3333333333333335
#parisagreement,2021-10-26T01,3.3333333333333335
#parisagreement,2021-10-26T02,3.6666666666666665
#parisagreement,2021-10-26T03,5.666666666666667
#parisagreement,2021-10-26T04,4.333333333333333
#parisagreement,2021-10-26T05,7.333333333333333
#parisagreement,2021-10-26T06,6.666666666666667
#parisagreement,2021-10-26T07,7.666666666666667
#parisagreement,2021-10-26T08,8.333333333333334
#parisagreement,2021-10-26T09,7.666666666666667
#parisagreement,2021-10-26T10,8.0
#parisagreement,2021-10-26T11,6.0
#parisagreement,2021-10-26T12,19.0
#parisagreement,2021-10-26T13,31.666666666666668
#parisagreement,2021-10-26T14,38.0
#parisagreement,2021-10-26T15,30.0
#parisagreement,2021-10-26T16,20.333333333333332
#parisagreement,2021-10-26T17,16.0
#parisagreement,2021-10-26T18,51.333333333333336
#parisagreement,2021-10-26T19,54.0
#parisagreement,2021-10-26T20,57.0
#parisagreement,2021-10-26T21,20.0
#parisagreement,2021-10-26T22,14.666666666666666
#parisagreement,2021-10-26T23,9.333333333333334
#parisagreement,2021-10-27T00,7.666666666666667
#parisagreement,2021-10-27T01,7.666666666666667
#parisagreement,2021-10-27T02,10.333333333333334
#parisagreement,2021-10-27T03,9.333333333333334
#parisagreement,2021-10-27T04,9.666666666666666
#parisagreement,2021-10-27T05,9.333333333333334
#parisagreement,2021-10-27T06,11.0
#parisagreement,2021-10-27T07,15.0
#parisagreement,2021-10-27T08,16.333333333333332
#parisagreement,2021-10-27T09,13.666666666666666
#parisagreement,2021-10-27T10,14.0
#parisagreement,2021-10-27T11,13.333333333333334
#parisagreement,2021-10-27T12,22.333333333333332
#parisagreement,2021-10-27T13,21.666666666666668
#parisagreement,2021-10-27T14,22.0
#parisagreement,2021-10-27T15,15.0
#parisagreement,2021-10-27T16,14.333333333333334
#parisagreement,2021-10-27T17,13.333333333333334
#parisagreement,2021-10-27T18,13.0
#parisagreement,2021-10-27T19,10.0
#parisagreement,2021-10-27T20,9.666666666666666
#parisagreement,2021-10-27T21,9.0
#parisagreement,2021-10-27T22,7.666666666666667
#parisagreement,2021-10-27T23,4.0
#parisagreement,2021-10-28T00,2.6666666666666665
#parisagreement,2021-10-28T01,1.3333333333333333
#parisagreement,2021-10-28T02,1.3333333333333333
#parisagreement,2021-10-28T03,1.6666666666666667
#parisagreement,2021-10-28T04,2.6666666666666665
#parisagreement,2021-10-28T05,5.666666666666667
#parisagreement,2021-10-28T06,7.333333333333333
#parisagreement,2021-10-28T07,9.333333333333334
#parisagreement,2021-10-28T08,9.333333333333334
#parisagreement,2021-10-28T09,12.666666666666666
#parisagreement,2021-10-28T10,17.333333333333332
#parisagreement,2021-10-28T11,21.666666666666668
#parisagreement,2021-10-28T12,24.666666666666668
#parisagreement,2021-10-28T13,28.0
#parisagreement,2021-10-28T14,25.0
#parisagreement,2021-10-28T15,25.0
#parisagreement,2021-10-28T16,18.0
#parisagreement,2021-10-28T17,13.333333333333334
#pmqs,2021-10-25T17,0.6666666666666666
#pmqs,2021-10-25T18,0.6666666666666666
#pmqs,2021-10-25T19,0.0
#pmqs,2021-10-25T20,0.0
#pmqs,2021-10-25T21,0.0
#pmqs,2021-10-25T22,0.0
#pmqs,2021-10-25T23,0.0
#pmqs,2021-10-26T00,0.0
#pmqs,2021-10-26T01,0.0
#pmqs,2021-10-26T02,0.0
#pmqs,2021-10-26T03,0.0
#pmqs,2021-10-26T04,0.0
#pmqs,2021-10-26T05,0.0
#pmqs,2021-10-26T06,0.0
#pmqs,2021-10-26T07,0.0
#pmqs,2021-10-26T08,0.0
#pmqs,2021-10-26T09,0.3333333333333333
#pmqs,2021-10-26T10,0.3333333333333333
#pmqs,2021-10-26T11,0.3333333333333333
#pmqs,2021-10-26T12,0.0
#pmqs,2021-10-26T13,0.0
#pmqs,2021-10-26T14,0.0
#pmqs,2021-10-26T15,0.0
#pmqs,2021-10-26T16,0.0
#pmqs,2021-10-26T17,0.0
#pmqs,2021-10-26T18,0.0
#pmqs,2021-10-26T19,0.0
#pmqs,2021-10-26T20,0.3333333333333333
#pmqs,2021-10-26T21,0.3333333333333333
#pmqs,2021-10-26T22,0.3333333333333333
#pmqs,2021-10-26T23,0.0
#pmqs,2021-10-27T00,0.0
#pmqs,2021-10-27T01,0.0
#pmqs,2021-10-27T02,0.0
#pmqs,2021-10-27T03,0.0
#pmqs,2021-10-27T04,0.0
#pmqs,2021-10-27T05,0.0
#pmqs,2021-10-27T06,0.0
#pmqs,2021-10-27T07,0.0
#pmqs,2021-10-27T08,4.0
#pmqs,2021-10-27T09,6.333333333333333
#pmqs,2021-10-27T10,112.0
#pmqs,2021-10-27T11,152.66666666666666
#pmqs,2021-10-27T12,169.33333333333334
#pmqs,2021-10-27T13,79.33333333333333
#pmqs,2021-10-27T14,53.0
#pmqs,2021-10-27T15,44.333333333333336
#pmqs,2021-10-27T16,36.666666666666664
#pmqs,2021-10-27T17,27.0
#pmqs,2021-10-27T18,20.666666666666668
#pmqs,2021-10-27T19,18.333333333333332
#pmqs,2021-10-27T20,16.0
#pmqs,2021-10-27T21,17.333333333333332
#pmqs,2021-10-27T22,14.666666666666666
#pmqs,2021-10-27T23,9.0
#pmqs,2021-10-28T00,4.333333333333333
#pmqs,2021-10-28T01,2.0
#pmqs,2021-10-28T02,3.6666666666666665
#pmqs,2021-10-28T03,4.0
#pmqs,2021-10-28T04,4.666666666666667
#pmqs,2021-10-28T05,3.6666666666666665
#pmqs,2021-10-28T06,5.0
#pmqs,2021-10-28T07,5.666666666666667
#pmqs,2021-10-28T08,6.333333333333333
#pmqs,2021-10-28T09,4.666666666666667
#pmqs,2021-10-28T10,3.0
#pmqs,2021-10-28T11,1.3333333333333333
#pmqs,2021-10-28T12,0.6666666666666666
#pmqs,2021-10-28T13,0.6666666666666666
#pmqs,2021-10-28T14,1.0
#pmqs,2021-10-28T15,2.3333333333333335
#pmqs,2021-10-28T16,2.3333333333333335
#pmqs,2021-10-28T17,1.6666666666666667
#qt,2021-10-25T17,0.0
#qt,2021-10-25T18,0.0
#qt,2021-10-25T19,0.3333333333333333
#qt,2021-10-25T20,0.3333333333333333
#qt,2021-10-25T21,0.3333333333333333
#qt,2021-10-25T22,0.0
#qt,2021-10-25T23,0.0
#qt,2021-10-26T00,0.0
#qt,2021-10-26T01,0.3333333333333333
#qt,2021-10-26T02,9.666666666666666
#qt,2021-10-26T03,14.666666666666666
#qt,2021-10-26T04,16.333333333333332
#qt,2021-10-26T05,8.0
#qt,2021-10-26T06,3.6666666666666665
#qt,2021-10-26T07,2.0
#qt,2021-10-26T08,1.0
#qt,2021-10-26T09,0.3333333333333333
#qt,2021-10-26T10,0.0
#qt,2021-10-26T11,0.0
#qt,2021-10-26T12,0.0
#qt,2021-10-26T13,0.0
#qt,2021-10-26T14,0.0
#qt,2021-10-26T15,1.3333333333333333
#qt,2021-10-26T16,1.6666666666666667
#qt,2021-10-26T17,2.0
#qt,2021-10-26T18,0.6666666666666666
#qt,2021-10-26T19,0.6666666666666666
#qt,2021-10-26T20,1.0
#qt,2021-10-26T21,1.6666666666666667
#qt,2021-10-26T22,1.6666666666666667
#qt,2021-10-26T23,1.0
#qt,2021-10-27T00,1.6666666666666667
#qt,2021-10-27T01,1.6666666666666667
#qt,2021-10-27T02,21.666666666666668
#qt,2021-10-27T03,39.0
#qt,2021-10-27T04,52.333333333333336
#qt,2021-10-27T05,43.333333333333336
#qt,2021-10-27T06,38.0
#qt,2021-10-27T07,29.666666666666668
#qt,2021-10-27T08,28.666666666666668
#qt,2021-10-27T09,25.333333333333332
#qt,2021-10-27T10,28.0
#qt,2021-10-27T11,22.0
#qt,2021-10-27T12,19.0
#qt,2021-10-27T13,13.666666666666666
#qt,2021-10-27T14,12.0
#qt,2021-10-27T15,6.0
#qt,2021-10-27T16,3.6666666666666665
#qt,2021-10-27T17,2.6666666666666665
#qt,2021-10-27T18,5.0
#qt,2021-10-27T19,13.0
#qt,2021-10-27T20,19.666666666666668
#qt,2021-10-27T21,17.666666666666668
#qt,2021-10-27T22,13.0
#qt,2021-10-27T23,6.666666666666667
#qt,2021-10-28T00,7.333333333333333
#qt,2021-10-28T01,6.666666666666667
#qt,2021-10-28T02,10.0
#qt,2021-10-28T03,10.333333333333334
#qt,2021-10-28T04,7.666666666666667
#qt,2021-10-28T05,3.0
#qt,2021-10-28T06,1.0
#qt,2021-10-28T07,1.0
#qt,2021-10-28T08,1.0
#qt,2021-10-28T09,0.6666666666666666
#qt,2021-10-28T10,0.3333333333333333
#qt,2021-10-28T11,0.0
#qt,2021-10-28T12,0.6666666666666666
#qt,2021-10-28T13,0.6666666666666666
#qt,2021-10-28T14,0.6666666666666666
#qt,2021-10-28T15,0.0
#qt,2021-10-28T16,0.0
#qt,2021-10-28T17,0.0
#riyad,2021-10-25T17,0.0
#riyad,2021-10-25T18,0.0
#riyad,2021-10-25T19,0.0
#riyad,2021-10-25T20,0.0
#riyad,2021-10-25T21,0.0
#riyad,2021-10-25T22,0.0
#riyad,2021-10-25T23,0.0
#riyad,2021-10-26T00,0.0
#riyad,2021-10-26T01,0.0
#riyad,2021-10-26T02,0.0
#riyad,2021-10-26T03,0.0
#riyad,2021-10-26T04,0.0
#riyad,2021-10-26T05,0.0
#riyad,2021-10-26T06,0.0
#riyad,2021-10-26T07,0.0
#riyad,2021-10-26T08,0.0
#riyad,2021-10-26T09,0.0
#riyad,2021-10-26T10,0.0
#riyad,2021-10-26T11,0.0
#riyad,2021-10-26T12,0.0
#riyad,2021-10-26T13,0.0
#riyad,2021-10-26T14,0.0
#riyad,2021-10-26T15,0.0
#riyad,2021-10-26T16,0.0
#riyad,2021-10-26T17,0.0
#riyad,2021-10-26T18,0.0
#riyad,2021-10-26T19,14.666666666666666
#riyad,2021-10-26T20,56.0
#riyad,2021-10-26T21,94.33333333333333
#riyad,2021-10-26T22,115.0
#riyad,2021-10-26T23,81.0
#riyad,2021-10-27T00,42.666666666666664
#riyad,2021-10-27T01,8.666666666666666
#riyad,2021-10-27T02,1.3333333333333333
#riyad,2021-10-27T03,1.3333333333333333
#riyad,2021-10-27T04,0.0
#riyad,2021-10-27T05,1.3333333333333333
#riyad,2021-10-27T06,22.0
#riyad,2021-10-27T07,22.0
#riyad,2021-10-27T08,21.333333333333332
#riyad,2021-10-27T09,0.6666666666666666
#riyad,2021-10-27T10,0.6666666666666666
#riyad,2021-10-27T11,0.0
#riyad,2021-10-27T12,0.3333333333333333
#riyad,2021-10-27T13,1.6666666666666667
#riyad,2021-10-27T14,9.0
#riyad,2021-10-27T15,8.666666666666666
#riyad,2021-10-27T16,7.333333333333333
#riyad,2021-10-27T17,0.0
#riyad,2021-10-27T18,0.0
#riyad,2021-10-27T19,5.333333333333333
#riyad,2021-10-27T20,5.333333333333333
#riyad,2021-10-27T21,5.666666666666667
#riyad,2021-10-27T22,0.3333333333333333
#riyad,2021-10-27T23,0.3333333333333333
#riyad,2021-10-28T00,0.0
#riyad,2021-10-28T01,0.3333333333333333
#riyad,2021-10-28T02,0.3333333333333333
#riyad,2021-10-28T03,0.3333333333333333
#riyad,2021-10-28T04,22.666666666666668
#riyad,2021-10-28T05,22.666666666666668
#riyad,2021-10-28T06,23.0
#riyad,2021-10-28T07,0.3333333333333333
#riyad,2021-10-28T08,0.3333333333333333
#riyad,2021-10-28T09,0.0
#riyad,2021-10-28T10,0.0
#riyad,2021-10-28T11,0.0
#riyad,2021-10-28T12,0.0
#riyad,2021-10-28T13,0.0
#riyad,2021-10-28T14,0.0
#riyad,2021-10-28T15,0.0
#riyad,2021-10-28T16,0.0
#riyad,2021-10-28T17,0.0
#scotland,2021-10-25T17,42.333333333333336
#scotland,2021-10-25T18,60.0
#scotland,2021-10-25T19,74.0
#scotland,2021-10-25T20,99.0
#scotland,2021-10-25T21,96.33333333333333
#scotland,2021-10-25T22,92.66666666666667
#scotland,2021-10-25T23,55.666666666666664
#scotland,2021-10-26T00,45.666666666666664
#scotland,2021-10-26T01,14.666666666666666
#scotland,2021-10-26T02,13.0
#scotland,2021-10-26T03,18.666666666666668
#scotland,2021-10-26T04,33.333333333333336
#scotland,2021-10-26T05,55.0
#scotland,2021-10-26T06,57.333333333333336
#scotland,2021-10-26T07,64.0
#scotland,2021-10-26T08,72.0
#scotland,2021-10-26T09,98.0
#scotland,2021-10-26T10,108.33333333333333
#scotland,2021-10-26T11,98.66666666666667
#scotland,2021-10-26T12,92.66666666666667
#scotland,2021-10-26T13,74.33333333333333
#scotland,2021-10-26T14,72.66666666666667
#scotland,2021-10-26T15,60.666666666666664
#scotland,2021-10-26T16,65.33333333333333
#scotland,2021-10-26T17,62.0
#scotland,2021-10-26T18,62.0
#scotland,2021-10-26T19,64.66666666666667
#scotland,2021-10-26T20,59.333333333333336
#scotland,2021-10-26T21,44.666666666666664
#scotland,2021-10-26T22,27.0
#scotland,2021-10-26T23,17.666666666666668
#scotland,2021-10-27T00,14.666666666666666
#scotland,2021-10-27T01,10.0
#scotland,2021-10-27T02,9.333333333333334
#scotland,2021-10-27T03,14.0
#scotland,2021-10-27T04,29.0
#scotland,2021-10-27T05,38.666666666666664
#scotland,2021-10-27T06,42.666666666666664
#scotland,2021-10-27T07,44.333333333333336
#scotland,2021-10-27T08,54.666666666666664
#scotland,2021-10-27T09,65.0
#scotland,2021-10-27T10,64.66666666666667
#scotland,2021-10-27T11,60.666666666666664
#scotland,2021-10-27T12,61.0
#scotland,2021-10-27T13,61.0
#scotland,2021-10-27T14,56.0
#scotland,2021-10-27T15,54.333333333333336
#scotland,2021-10-27T16,58.0
#scotland,2021-10-27T17,60.0
#scotland,2021-10-27T18,65.33333333333333
#scotland,2021-10-27T19,61.0
#scotland,2021-10-27T20,60.333333333333336
#scotland,2021-10-27T21,40.666666666666664
#scotland,2021-10-27T22,25.666666666666668
#scotland,2021-10-27T23,14.333333333333334
#scotland,2021-10-28T00,13.333333333333334
#scotland,2021-10-28T01,13.0
#scotland,2021-10-28T02,12.666666666666666
#scotland,2021-10-28T03,10.333333333333334
#scotland,2021-10-28T04,10.0
#scotland,2021-10-28T05,7.333333333333333
#scotland,2021-10-28T06,7.0
#scotland,2021-10-28T07,17.666666666666668
#scotland,2021-10-28T08,25.666666666666668
#scotland,2021-10-28T09,28.666666666666668
#scotland,2021-10-28T10,32.333333333333336
#scotland,2021-10-28T11,49.0
#scotland,2021-10-28T12,99.0
#scotland,2021-10-28T13,103.0
#scotland,2021-10-28T14,108.33333333333333
#scotland,2021-10-28T15,77.66666666666667
#scotland,2021-10-28T16,72.0
#scotland,2021-10-28T17,41.333333333333336
#scottishindependence,2021-10-25T17,37.333333333333336
#scottishindependence,2021-10-25T18,52.0
#scottishindependence,2021-10-25T19,68.0
#scottishindependence,2021-10-25T20,96.66666666666667
#scottishindependence,2021-10-25T21,98.33333333333333
#scottishindependence,2021-10-25T22,72.66666666666667
#scottishindependence,2021-10-25T23,32.666666666666664
#scottishindependence,2021-10-26T00,19.333333333333332
#scottishindependence,2021-10-26T01,9.666666666666666
#scottishindependence,2021-10-26T02,6.0
#scottishindependence,2021-10-26T03,5.666666666666667
#scottishindependence,2021-10-26T04,13.333333333333334
#scottishindependence,2021-10-26T05,21.0
#scottishindependence,2021-10-26T06,29.333333333333332
#scottishindependence,2021-10-26T07,39.333333333333336
#scottishindependence,2021-10-26T08,56.0
#scottishindependence,2021-10-26T09,92.33333333333333
#scottishindependence,2021-10-26T10,102.66666666666667
#scottishindependence,2021-10-26T11,99.33333333333333
#scottishindependence,2021-10-26T12,70.33333333333333
#scottishindependence,2021-10-26T13,61.333333333333336
#scottishindependence,2021-10-26T14,51.666666666666664
#scottishindependence,2021-10-26T15,40.333333333333336
#scottishindependence,2021-10-26T16,23.666666666666668
#scottishindependence,2021-10-26T17,17.333333333333332
#scottishindependence,2021-10-26T18,17.0
#scottishindependence,2021-10-26T19,30.333333333333332
#scottishindependence,2021-10-26T20,55.0
#scottishindependence,2021-10-26T21,51.666666666666664
#scottishindependence,2021-10-26T22,50.666666666666664
#scottishindependence,2021-10-26T23,28.0
#scottishindependence,2021-10-27T00,29.0
#scottishindependence,2021-10-27T01,12.666666666666666
#scottishindependence,2021-10-27T02,5.0
#scottishindependence,2021-10-27T03,1.6666666666666667
#scottishindependence,2021-10-27T04,5.0
#scottishindependence,2021-10-27T05,10.0
#scottishindependence,2021-10-27T06,18.0
#scottishindependence,2021-10-27T07,16.666666666666668
#scottishindependence,2021-10-27T08,35.333333333333336
#scottishindependence,2021-10-27T09,32.0
#scottishindependence,2021-10-27T10,33.333333333333336
#scottishindependence,2021-10-27T11,11.333333333333334
#scottishindependence,2021-10-27T12,11.0
#scottishindependence,2021-10-27T13,9.666666666666666
#scottishindependence,2021-10-27T14,11.666666666666666
#scottishindependence,2021-10-27T15,20.333333333333332
#scottishindependence,2021-10-27T16,50.666666666666664
#scottishindependence,2021-10-27T17,63.666666666666664
#scottishindependence,2021-10-27T18,75.0
#scottishindependence,2021-10-27T19,58.666666666666664
#scottishindependence,2021-10-27T20,54.0
#scottishindependence,2021-10-27T21,34.333333333333336
#scottishindependence,2021-10-27T22,19.0
#scottishindependence,2021-10-27T23,7.0
#scottishindependence,2021-10-28T00,21.0
#scottishindependence,2021-10-28T01,20.333333333333332
#scottishindependence,2021-10-28T02,20.333333333333332
#scottishindependence,2021-10-28T03,1.0
#scottishindependence,2021-10-28T04,3.6666666666666665
#scottishindependence,2021-10-28T05,7.333333333333333
#scottishindependence,2021-10-28T06,14.666666666666666
#scottishindependence,2021-10-28T07,35.0
#scottishindependence,2021-10-28T08,37.666666666666664
#scottishindependence,2021-10-28T09,30.666666666666668
#scottishindependence,2021-10-28T10,12.333333333333334
#scottishindependence,2021-10-28T11,9.0
#scottishindependence,2021-10-28T12,9.666666666666666
#scottishindependence,2021-10-28T13,8.0
#scottishindependence,2021-10-28T14,21.0
#scottishindependence,2021-10-28T15,22.0
#scottishindependence,2021-10-28T16,18.666666666666668
#scottishindependence,2021-10-28T17,2.6666666666666665
#scottishindependence10,2021-10-25T17,0.0
#scottishindependence10,2021-10-25T18,0.6666666666666666
#scottishindependence10,2021-10-25T19,4.0
#scottishindependence10,2021-10-25T20,8.0
#scottishindependence10,2021-10-25T21,13.0
#scottishindependence10,2021-10-25T22,66.66666666666667
#scottishindependence10,2021-10-25T23,70.66666666666667
#scottishindependence10,2021-10-26T00,68.33333333333333
#scottishindependence10,2021-10-26T01,12.666666666666666
#scottishindependence10,2021-10-26T02,8.333333333333334
#scottishindependence10,2021-10-26T03,17.0
#scottishindependence10,2021-10-26T04,43.0
#scottishindependence10,2021-10-26T05,67.66666666666667
#scottishindependence10,2021-10-26T06,101.66666666666667
#scottishindependence10,2021-10-26T07,120.66666666666667
#scottishindependence10,2021-10-26T08,138.33333333333334
#scottishindependence10,2021-10-26T09,156.66666666666666
#scottishindependence10,2021-10-26T10,165.0
#scottishindependence10,2021-10-26T11,164.33333333333334
#scottishindependence10,2021-10-26T12,143.0
#scottishindependence10,2021-10-26T13,126.33333333333333
#scottishindependence10,2021-10-26T14,120.0
#scottishindependence10,2021-10-26T15,105.0
#scottishindependence10,2021-10-26T16,95.33333333333333
#scottishindependence10,2021-10-26T17,80.0
#scottishindependence10,2021-10-26T18,95.33333333333333
#scottishindependence10,2021-10-26T19,113.0
#scottishindependence10,2021-10-26T20,144.0
#scottishindependence10,2021-10-26T21,133.33333333333334
#scottishindependence10,2021-10-26T22,92.33333333333333
#scottishindependence10,2021-10-26T23,39.0
#scottishindependence10,2021-10-27T00,8.0
#scottishindependence10,2021-10-27T01,3.0
#scottishindependence10,2021-10-27T02,2.0
#scottishindependence10,2021-10-27T03,1.0
#scottishindependence10,2021-10-27T04,5.333333333333333
#scottishindependence10,2021-10-27T05,6.0
#scottishindependence10,2021-10-27T06,8.333333333333334
#scottishindependence10,2021-10-27T07,5.666666666666667
#scottishindependence10,2021-10-27T08,6.0
#scottishindependence10,2021-10-27T09,6.0
#scottishindependence10,2021-10-27T10,5.666666666666667
#scottishindependence10,2021-10-27T11,4.666666666666667
#scottishindependence10,2021-10-27T12,4.0
#scottishindependence10,2021-10-27T13,3.3333333333333335
#scottishindependence10,2021-10-27T14,4.0
#scottishindependence10,2021-10-27T15,3.6666666666666665
#scottishindependence10,2021-10-27T16,3.6666666666666665
#scottishindependence10,2021-10-27T17,2.6666666666666665
#scottishindependence10,2021-10-27T18,1.3333333333333333
#scottishindependence10,2021-10-27T19,1.3333333333333333
#scottishindependence10,2021-10-27T20,2.0
#scottishindependence10,2021-10-27T21,2.3333333333333335
#scottishindependence10,2021-10-27T22,1.6666666666666667
#scottishindependence10,2021-10-27T23,1.0
#scottishindependence10,2021-10-28T00,0.0
#scottishindependence10,2021-10-28T01,0.0
#scottishindependence10,2021-10-28T02,0.0
#scottishindependence10,2021-10-28T03,0.0
#scottishindependence10,2021-10-28T04,0.0
#scottishindependence10,2021-10-28T05,0.0
#scottishindependence10,2021-10-28T06,0.0
#scottishindependence10,2021-10-28T07,0.0
#scottishindependence10,2021-10-28T08,0.0
#scottishindependence10,2021-10-28T09,0.0
#scottishindependence10,2021-10-28T10,0.0
#scottishindependence10,2021-10-28T11,0.0
#scottishindependence10,2021-10-28T12,0.0
#scottishindependence10,2021-10-28T13,0.0
#scottishindependence10,2021-10-28T14,0.0
#scottishindependence10,2021-10-28T15,1.0
#scottishindependence10,2021-10-28T16,1.3333333333333333
#scottishindependence10,2021-10-28T17,1.3333333333333333
#scottishindependence11,2021-10-25T17,0.0
#scottishindependence11,2021-10-25T18,0.0
#scottishindependence11,2021-10-25T19,0.0
#scottishindependence11,2021-10-25T20,0.3333333333333333
#scottishindependence11,2021-10-25T21,0.3333333333333333
#scottishindependence11,2021-10-25T22,0.6666666666666666
#scottishindependence11,2021-10-25T23,0.3333333333333333
#scottishindependence11,2021-10-26T00,0.3333333333333333
#scottishindependence11,2021-10-26T01,0.0
#scottishindependence11,2021-10-26T02,0.0
#scottishindependence11,2021-10-26T03,0.0
#scottishindependence11,2021-10-26T04,0.0
#scottishindependence11,2021-10-26T05,0.0
#scottishindependence11,2021-10-26T06,0.0
#scottishindependence11,2021-10-26T07,0.0
#scottishindependence11,2021-10-26T08,0.0
#scottishindependence11,2021-10-26T09,0.0
#scottishindependence11,2021-10-26T10,0.6666666666666666
#scottishindependence11,2021-10-26T11,2.0
#scottishindependence11,2021-10-26T12,2.6666666666666665
#scottishindependence11,2021-10-26T13,2.0
#scottishindependence11,2021-10-26T14,1.3333333333333333
#scottishindependence11,2021-10-26T15,0.6666666666666666
#scottishindependence11,2021-10-26T16,0.6666666666666666
#scottishindependence11,2021-10-26T17,0.0
#scottishindependence11,2021-10-26T18,0.0
#scottishindependence11,2021-10-26T19,0.3333333333333333
#scottishindependence11,2021-10-26T20,0.6666666666666666
#scottishindependence11,2021-10-26T21,3.6666666666666665
#scottishindependence11,2021-10-26T22,130.0
#scottishindependence11,2021-10-26T23,145.66666666666666
#scottishindependence11,2021-10-27T00,149.66666666666666
#scottishindependence11,2021-10-27T01,29.333333333333332
#scottishindependence11,2021-10-27T02,15.666666666666666
#scottishindependence11,2021-10-27T03,25.666666666666668
#scottishindependence11,2021-10-27T04,39.666666666666664
#scottishindependence11,2021-10-27T05,61.666666666666664
#scottishindependence11,2021-10-27T06,74.66666666666667
#scottishindependence11,2021-10-27T07,82.0
#scottishindependence11,2021-10-27T08,125.66666666666667
#scottishindependence11,2021-10-27T09,124.33333333333333
#scottishindependence11,2021-10-27T10,126.33333333333333
#scottishindependence11,2021-10-27T11,99.0
#scottishindependence11,2021-10-27T12,91.66666666666667
#scottishindependence11,2021-10-27T13,90.33333333333333
#scottishindependence11,2021-10-27T14,69.33333333333333
#scottishindependence11,2021-10-27T15,72.0
#scottishindependence11,2021-10-27T16,104.66666666666667
#scottishindependence11,2021-10-27T17,124.0
#scottishindependence11,2021-10-27T18,148.0
#scottishindependence11,2021-10-27T19,127.33333333333333
#scottishindependence11,2021-10-27T20,118.33333333333333
#scottishindependence11,2021-10-27T21,100.66666666666667
#scottishindependence11,2021-10-27T22,63.666666666666664
#scottishindependence11,2021-10-27T23,35.333333333333336
#scottishindependence11,2021-10-28T00,6.666666666666667
#scottishindependence11,2021-10-28T01,4.666666666666667
#scottishindependence11,2021-10-28T02,3.0
#scottishindependence11,2021-10-28T03,2.3333333333333335
#scottishindependence11,2021-10-28T04,2.3333333333333335
#scottishindependence11,2021-10-28T05,4.333333333333333
#scottishindependence11,2021-10-28T06,5.333333333333333
#scottishindependence11,2021-10-28T07,5.333333333333333
#scottishindependence11,2021-10-28T08,6.333333333333333
#scottishindependence11,2021-10-28T09,4.666666666666667
#scottishindependence11,2021-10-28T10,5.0
#scottishindependence11,2021-10-28T11,3.0
#scottishindependence11,2021-10-28T12,5.333333333333333
#scottishindependence11,2021-10-28T13,4.0
#scottishindependence11,2021-10-28T14,3.6666666666666665
#scottishindependence11,2021-10-28T15,1.0
#scottishindependence11,2021-10-28T16,1.0
#scottishindependence11,2021-10-28T17,0.3333333333333333
#scottishindependence12,2021-10-25T17,0.0
#scottishindependence12,2021-10-25T18,0.0
#scottishindependence12,2021-10-25T19,0.0
#scottishindependence12,2021-10-25T20,0.0
#scottishindependence12,2021-10-25T21,0.0
#scottishindependence12,2021-10-25T22,0.0
#scottishindependence12,2021-10-25T23,0.0
#scottishindependence12,2021-10-26T00,0.0
#scottishindependence12,2021-10-26T01,0.0
#scottishindependence12,2021-10-26T02,0.0
#scottishindependence12,2021-10-26T03,0.0
#scottishindependence12,2021-10-26T04,0.0
#scottishindependence12,2021-10-26T05,0.0
#scottishindependence12,2021-10-26T06,0.0
#scottishindependence12,2021-10-26T07,0.0
#scottishindependence12,2021-10-26T08,0.0
#scottishindependence12,2021-10-26T09,0.0
#scottishindependence12,2021-10-26T10,0.3333333333333333
#scottishindependence12,2021-10-26T11,0.3333333333333333
#scottishindependence12,2021-10-26T12,0.3333333333333333
#scottishindependence12,2021-10-26T13,0.0
#scottishindependence12,2021-10-26T14,0.0
#scottishindependence12,2021-10-26T15,0.0
#scottishindependence12,2021-10-26T16,0.0
#scottishindependence12,2021-10-26T17,0.0
#scottishindependence12,2021-10-26T18,0.0
#scottishindependence12,2021-10-26T19,0.0
#scottishindependence12,2021-10-26T20,0.0
#scottishindependence12,2021-10-26T21,0.0
#scottishindependence12,2021-10-26T22,0.0
#scottishindependence12,2021-10-26T23,0.0
#scottishindependence12,2021-10-27T00,0.0
#scottishindependence12,2021-10-27T01,0.0
#scottishindependence12,2021-10-27T02,0.0
#scottishindependence12,2021-10-27T03,0.0
#scottishindependence12,2021-10-27T04,0.0
#scottishindependence12,2021-10-27T05,0.0
#scottishindependence12,2021-10-27T06,0.0
#scottishindependence12,2021-10-27T07,0.0
#scottishindependence12,2021-10-27T08,0.6666666666666666
#scottishindependence12,2021-10-27T09,0.6666666666666666
#scottishindependence12,2021-10-27T10,0.6666666666666666
#scottishindependence12,2021-10-27T11,4.666666666666667
#scottishindependence12,2021-10-27T12,5.0
#scottishindependence12,2021-10-27T13,5.0
#scottishindependence12,2021-10-27T14,1.0
#scottishindependence12,2021-10-27T15,0.6666666666666666
#scottishindependence12,2021-10-27T16,0.6666666666666666
#scottishindependence12,2021-10-27T17,0.0
#scottishindependence12,2021-10-27T18,0.3333333333333333
#scottishindependence12,2021-10-27T19,0.6666666666666666
#scottishindependence12,2021-10-27T20,2.0
#scottishindependence12,2021-10-27T21,8.333333333333334
#scottishindependence12,2021-10-27T22,19.666666666666668
#scottishindependence12,2021-10-27T23,23.0
#scottishindependence12,2021-10-28T00,39.333333333333336
#scottishindependence12,2021-10-28T01,29.0
#scottishindependence12,2021-10-28T02,25.666666666666668
#scottishindependence12,2021-10-28T03,5.666666666666667
#scottishindependence12,2021-10-28T04,13.0
#scottishindependence12,2021-10-28T05,42.333333333333336
#scottishindependence12,2021-10-28T06,77.33333333333333
#scottishindependence12,2021-10-28T07,124.33333333333333
#scottishindependence12,2021-10-28T08,124.66666666666667
#scottishindependence12,2021-10-28T09,113.33333333333333
#scottishindependence12,2021-10-28T10,103.0
#scottishindependence12,2021-10-28T11,113.66666666666667
#scottishindependence12,2021-10-28T12,119.66666666666667
#scottishindependence12,2021-10-28T13,94.33333333333333
#scottishindependence12,2021-10-28T14,86.66666666666667
#scottishindependence12,2021-10-28T15,82.0
#scottishindependence12,2021-10-28T16,120.33333333333333
#scottishindependence12,2021-10-28T17,86.33333333333333
#scottishindependence9,2021-10-25T17,176.0
#scottishindependence9,2021-10-25T18,250.33333333333334
#scottishindependence9,2021-10-25T19,257.6666666666667
#scottishindependence9,2021-10-25T20,263.0
#scottishindependence9,2021-10-25T21,272.6666666666667
#scottishindependence9,2021-10-25T22,191.0
#scottishindependence9,2021-10-25T23,97.33333333333333
#scottishindependence9,2021-10-26T00,14.666666666666666
#scottishindependence9,2021-10-26T01,8.333333333333334
#scottishindependence9,2021-10-26T02,6.333333333333333
#scottishindependence9,2021-10-26T03,12.0
#scottishindependence9,2021-10-26T04,16.666666666666668
#scottishindependence9,2021-10-26T05,26.333333333333332
#scottishindependence9,2021-10-26T06,33.0
#scottishindependence9,2021-10-26T07,32.666666666666664
#scottishindependence9,2021-10-26T08,27.666666666666668
#scottishindependence9,2021-10-26T09,20.333333333333332
#scottishindependence9,2021-10-26T10,15.0
#scottishindependence9,2021-10-26T11,14.666666666666666
#scottishindependence9,2021-10-26T12,9.333333333333334
#scottishindependence9,2021-10-26T13,8.333333333333334
#scottishindependence9,2021-10-26T14,3.3333333333333335
#scottishindependence9,2021-10-26T15,5.0
#scottishindependence9,2021-10-26T16,5.666666666666667
#scottishindependence9,2021-10-26T17,5.333333333333333
#scottishindependence9,2021-10-26T18,6.0
#scottishindependence9,2021-10-26T19,4.666666666666667
#scottishindependence9,2021-10-26T20,6.0
#scottishindependence9,2021-10-26T21,5.0
#scottishindependence9,2021-10-26T22,4.666666666666667
#scottishindependence9,2021-10-26T23,2.6666666666666665
#scottishindependence9,2021-10-27T00,0.6666666666666666
#scottishindependence9,2021-10-27T01,0.3333333333333333
#scottishindependence9,2021-10-27T02,0.3333333333333333
#scottishindependence9,2021-10-27T03,0.0
#scottishindependence9,2021-10-27T04,0.0
#scottishindependence9,2021-10-27T05,0.0
#scottishindependence9,2021-10-27T06,0.0
#scottishindependence9,2021-10-27T07,0.3333333333333333
#scottishindependence9,2021-10-27T08,0.3333333333333333
#scottishindependence9,2021-10-27T09,0.3333333333333333
#scottishindependence9,2021-10-27T10,0.0
#scottishindependence9,2021-10-27T11,0.0
#scottishindependence9,2021-10-27T12,0.6666666666666666
#scottishindependence9,2021-10-27T13,0.6666666666666666
#scottishindependence9,2021-10-27T14,1.0
#scottishindependence9,2021-10-27T15,0.6666666666666666
#scottishindependence9,2021-10-27T16,1.6666666666666667
#scottishindependence9,2021-10-27T17,1.3333333333333333
#scottishindependence9,2021-10-27T18,1.0
#scottishindependence9,2021-10-27T19,0.3333333333333333
#scottishindependence9,2021-10-27T20,0.3333333333333333
#scottishindependence9,2021-10-27T21,0.3333333333333333
#scottishindependence9,2021-10-27T22,0.0
#scottishindependence9,2021-10-27T23,0.0
#scottishindependence9,2021-10-28T00,0.0
#scottishindependence9,2021-10-28T01,0.0
#scottishindependence9,2021-10-28T02,0.0
#scottishindependence9,2021-10-28T03,0.0
#scottishindependence9,2021-10-28T04,0.0
#scottishindependence9,2021-10-28T05,0.0
#scottishindependence9,2021-10-28T06,0.0
#scottishindependence9,2021-10-28T07,0.0
#scottishindependence9,2021-10-28T08,0.0
#scottishindependence9,2021-10-28T09,0.0
#scottishindependence9,2021-10-28T10,0.0
#scottishindependence9,2021-10-28T11,0.0
#scottishindependence9,2021-10-28T12,10.0
#scottishindependence9,2021-10-28T13,10.333333333333334
#scottishindependence9,2021-10-28T14,10.333333333333334
#scottishindependence9,2021-10-28T15,1.6666666666666667
#scottishindependence9,2021-10-28T16,2.0
#scottishindependence9,2021-10-28T17,2.0
#scottythegaslighter,2021-10-25T17,0.0
#scottythegaslighter,2021-10-25T18,1.3333333333333333
#scottythegaslighter,2021-10-25T19,2.6666666666666665
#scottythegaslighter,2021-10-25T20,2.6666666666666665
#scottythegaslighter,2021-10-25T21,1.3333333333333333
#scottythegaslighter,2021-10-25T22,0.0
#scottythegaslighter,2021-10-25T23,1.0
#scottythegaslighter,2021-10-26T00,14.0
#scottythegaslighter,2021-10-26T01,19.666666666666668
#scottythegaslighter,2021-10-26T02,19.0
#scottythegaslighter,2021-10-26T03,9.333333333333334
#scottythegaslighter,2021-10-26T04,6.0
#scottythegaslighter,2021-10-26T05,7.333333333333333
#scottythegaslighter,2021-10-26T06,5.333333333333333
#scottythegaslighter,2021-10-26T07,6.0
#scottythegaslighter,2021-10-26T08,6.333333333333333
#scottythegaslighter,2021-10-26T09,8.333333333333334
#scottythegaslighter,2021-10-26T10,5.666666666666667
#scottythegaslighter,2021-10-26T11,5.0
#scottythegaslighter,2021-10-26T12,2.0
#scottythegaslighter,2021-10-26T13,1.6666666666666667
#scottythegaslighter,2021-10-26T14,0.3333333333333333
#scottythegaslighter,2021-10-26T15,0.0
#scottythegaslighter,2021-10-26T16,0.0
#scottythegaslighter,2021-10-26T17,0.0
#scottythegaslighter,2021-10-26T18,0.0
#scottythegaslighter,2021-10-26T19,1.3333333333333333
#scottythegaslighter,2021-10-26T20,2.6666666666666665
#scottythegaslighter,2021-10-26T21,3.0
#scottythegaslighter,2021-10-26T22,2.0
#scottythegaslighter,2021-10-26T23,2.0
#scottythegaslighter,2021-10-27T00,4.333333333333333
#scottythegaslighter,2021-10-27T01,5.666666666666667
#scottythegaslighter,2021-10-27T02,5.666666666666667
#scottythegaslighter,2021-10-27T03,3.6666666666666665
#scottythegaslighter,2021-10-27T04,2.3333333333333335
#scottythegaslighter,2021-10-27T05,2.0
#scottythegaslighter,2021-10-27T06,1.3333333333333333
#scottythegaslighter,2021-10-27T07,1.0
#scottythegaslighter,2021-10-27T08,1.0
#scottythegaslighter,2021-10-27T09,1.0
#scottythegaslighter,2021-10-27T10,1.3333333333333333
#scottythegaslighter,2021-10-27T11,0.6666666666666666
#scottythegaslighter,2021-10-27T12,1.0
#scottythegaslighter,2021-10-27T13,1.0
#scottythegaslighter,2021-10-27T14,0.6666666666666666
#scottythegaslighter,2021-10-27T15,0.3333333333333333
#scottythegaslighter,2021-10-27T16,0.0
#scottythegaslighter,2021-10-27T17,0.6666666666666666
#scottythegaslighter,2021-10-27T18,2.0
#scottythegaslighter,2021-10-27T19,2.0
#scottythegaslighter,2021-10-27T20,1.3333333333333333
#scottythegaslighter,2021-10-27T21,0.6666666666666666
#scottythegaslighter,2021-10-27T22,1.3333333333333333
#scottythegaslighter,2021-10-27T23,1.3333333333333333
#scottythegaslighter,2021-10-28T00,1.0
#scottythegaslighter,2021-10-28T01,1.0
#scottythegaslighter,2021-10-28T02,2.0
#scottythegaslighter,2021-10-28T03,2.3333333333333335
#scottythegaslighter,2021-10-28T04,3.0
#scottythegaslighter,2021-10-28T05,3.0
#scottythegaslighter,2021-10-28T06,2.6666666666666665
#scottythegaslighter,2021-10-28T07,1.3333333333333333
#scottythegaslighter,2021-10-28T08,0.3333333333333333
#scottythegaslighter,2021-10-28T09,0.3333333333333333
#scottythegaslighter,2021-10-28T10,0.3333333333333333
#scottythegaslighter,2021-10-28T11,0.3333333333333333
#scottythegaslighter,2021-10-28T12,0.0
#scottythegaslighter,2021-10-28T13,0.0
#scottythegaslighter,2021-10-28T14,0.0
#scottythegaslighter,2021-10-28T15,0.0
#scottythegaslighter,2021-10-28T16,0.0
#scottythegaslighter,2021-10-28T17,0.0
#sewage,2021-10-25T17,37.333333333333336
#sewage,2021-10-25T18,47.666666666666664
#sewage,2021-10-25T19,35.0
#sewage,2021-10-25T20,26.666666666666668
#sewage,2021-10-25T21,32.0
#sewage,2021-10-25T22,77.0
#sewage,2021-10-25T23,77.33333333333333
#sewage,2021-10-26T00,63.666666666666664
#sewage,2021-10-26T01,8.333333333333334
#sewage,2021-10-26T02,3.0
#sewage,2021-10-26T03,2.6666666666666665
#sewage,2021-10-26T04,5.666666666666667
#sewage,2021-10-26T05,25.333333333333332
#sewage,2021-10-26T06,46.0
#sewage,2021-10-26T07,65.0
#sewage,2021-10-26T08,70.66666666666667
#sewage,2021-10-26T09,70.66666666666667
#sewage,2021-10-26T10,63.0
#sewage,2021-10-26T11,49.0
#sewage,2021-10-26T12,40.666666666666664
#sewage,2021-10-26T13,36.666666666666664
#sewage,2021-10-26T14,36.333333333333336
#sewage,2021-10-26T15,35.666666666666664
#sewage,2021-10-26T16,37.333333333333336
#sewage,2021-10-26T17,35.666666666666664
#sewage,2021-10-26T18,40.333333333333336
#sewage,2021-10-26T19,33.666666666666664
#sewage,2021-10-26T20,31.0
#sewage,2021-10-26T21,21.0
#sewage,2021-10-26T22,20.333333333333332
#sewage,2021-10-26T23,16.666666666666668
#sewage,2021-10-27T00,9.666666666666666
#sewage,2021-10-27T01,5.0
#sewage,2021-10-27T02,1.6666666666666667
#sewage,2021-10-27T03,4.333333333333333
#sewage,2021-10-27T04,15.0
#sewage,2021-10-27T05,19.666666666666668
#sewage,2021-10-27T06,22.333333333333332
#sewage,2021-10-27T07,15.333333333333334
#sewage,2021-10-27T08,14.333333333333334
#sewage,2021-10-27T09,10.333333333333334
#sewage,2021-10-27T10,21.333333333333332
#sewage,2021-10-27T11,31.0
#sewage,2021-10-27T12,30.666666666666668
#sewage,2021-10-27T13,29.333333333333332
#sewage,2021-10-27T14,16.333333333333332
#sewage,2021-10-27T15,16.666666666666668
#sewage,2021-10-27T16,4.333333333333333
#sewage,2021-10-27T17,5.0
#sewage,2021-10-27T18,3.3333333333333335
#sewage,2021-10-27T19,2.6666666666666665
#sewage,2021-10-27T20,3.6666666666666665
#sewage,2021-10-27T21,5.333333333333333
#sewage,2021-10-27T22,4.666666666666667
#sewage,2021-10-27T23,2.3333333333333335
#sewage,2021-10-28T00,0.0
#sewage,2021-10-28T01,0.0
#sewage,2021-10-28T02,0.0
#sewage,2021-10-28T03,0.6666666666666666
#sewage,2021-10-28T04,1.3333333333333333
#sewage,2021-10-28T05,2.0
#sewage,2021-10-28T06,5.0
#sewage,2021-10-28T07,7.666666666666667
#sewage,2021-10-28T08,7.333333333333333
#sewage,2021-10-28T09,5.666666666666667
#sewage,2021-10-28T10,9.333333333333334
#sewage,2021-10-28T11,10.333333333333334
#sewage,2021-10-28T12,11.666666666666666
#sewage,2021-10-28T13,8.0
#sewage,2021-10-28T14,9.333333333333334
#sewage,2021-10-28T15,9.333333333333334
#sewage,2021-10-28T16,7.333333333333333
#sewage,2021-10-28T17,4.666666666666667
#sosbrasil,2021-10-25T17,0.0
#sosbrasil,2021-10-25T18,0.0
#sosbrasil,2021-10-25T19,0.0
#sosbrasil,2021-10-25T20,0.0
#sosbrasil,2021-10-25T21,0.0
#sosbrasil,2021-10-25T22,0.0
#sosbrasil,2021-10-25T23,0.0
#sosbrasil,2021-10-26T00,0.0
#sosbrasil,2021-10-26T01,0.0
#sosbrasil,2021-10-26T02,0.0
#sosbrasil,2021-10-26T03,0.0
#sosbrasil,2021-10-26T04,0.0
#sosbrasil,2021-10-26T05,0.0
#sosbrasil,2021-10-26T06,0.0
#sosbrasil,2021-10-26T07,0.0
#sosbrasil,2021-10-26T08,0.0
#sosbrasil,2021-10-26T09,0.0
#sosbrasil,2021-10-26T10,0.0
#sosbrasil,2021-10-26T11,0.0
#sosbrasil,2021-10-26T12,0.0
#sosbrasil,2021-10-26T13,0.0
#sosbrasil,2021-10-26T14,0.0
#sosbrasil,2021-10-26T15,0.0
#sosbrasil,2021-10-26T16,84.66666666666667
#sosbrasil,2021-10-26T17,101.0
#sosbrasil,2021-10-26T18,101.0
#sosbrasil,2021-10-26T19,16.333333333333332
#sosbrasil,2021-10-26T20,0.0
#sosbrasil,2021-10-26T21,0.6666666666666666
#sosbrasil,2021-10-26T22,0.6666666666666666
#sosbrasil,2021-10-26T23,0.6666666666666666
#sosbrasil,2021-10-27T00,0.0
#sosbrasil,2021-10-27T01,0.0
#sosbrasil,2021-10-27T02,0.0
#sosbrasil,2021-10-27T03,0.0
#sosbrasil,2021-10-27T04,0.0
#sosbrasil,2021-10-27T05,0.0
#sosbrasil,2021-10-27T06,0.0
#sosbrasil,2021-10-27T07,0.0
#sosbrasil,2021-10-27T08,0.0
#sosbrasil,2021-10-27T09,0.0
#sosbrasil,2021-10-27T10,0.0
#sosbrasil,2021-10-27T11,0.0
#sosbrasil,2021-10-27T12,0.0
#sosbrasil,2021-10-27T13,0.0
#sosbrasil,2021-10-27T14,0.0
#sosbrasil,2021-10-27T15,0.0
#sosbrasil,2021-10-27T16,0.0
#sosbrasil,2021-10-27T17,0.0
#sosbrasil,2021-10-27T18,0.0
#sosbrasil,2021-10-27T19,0.0
#sosbrasil,2021-10-27T20,0.0
#sosbrasil,2021-10-27T21,0.0
#sosbrasil,2021-10-27T22,0.0
#sosbrasil,2021-10-27T23,0.0
#sosbrasil,2021-10-28T00,0.0
#sosbrasil,2021-10-28T01,0.0
#sosbrasil,2021-10-28T02,0.0
#sosbrasil,2021-10-28T03,0.0
#sosbrasil,2021-10-28T04,0.0
#sosbrasil,2021-10-28T05,0.0
#sosbrasil,2021-10-28T06,0.0
#sosbrasil,2021-10-28T07,0.0
#sosbrasil,2021-10-28T08,0.0
#sosbrasil,2021-10-28T09,0.0
#sosbrasil,2021-10-28T10,0.0
#sosbrasil,2021-10-28T11,0.0
#sosbrasil,2021-10-28T12,0.0
#sosbrasil,2021-10-28T13,0.0
#sosbrasil,2021-10-28T14,0.0
#sosbrasil,2021-10-28T15,0.0
#sosbrasil,2021-10-28T16,0.0
#sosbrasil,2021-10-28T17,0.0
#stopsponsoringouroppression,2021-10-25T17,0.0
#stopsponsoringouroppression,2021-10-25T18,0.0
#stopsponsoringouroppression,2021-10-25T19,0.0
#stopsponsoringouroppression,2021-10-25T20,0.0
#stopsponsoringouroppression,2021-10-25T21,0.0
#stopsponsoringouroppression,2021-10-25T22,0.0
#stopsponsoringouroppression,2021-10-25T23,0.0
#stopsponsoringouroppression,2021-10-26T00,0.0
#stopsponsoringouroppression,2021-10-26T01,0.0
#stopsponsoringouroppression,2021-10-26T02,0.0
#stopsponsoringouroppression,2021-10-26T03,0.0
#stopsponsoringouroppression,2021-10-26T04,0.0
#stopsponsoringouroppression,2021-10-26T05,0.0
#stopsponsoringouroppression,2021-10-26T06,0.0
#stopsponsoringouroppression,2021-10-26T07,0.0
#stopsponsoringouroppression,2021-10-26T08,2.0
#stopsponsoringouroppression,2021-10-26T09,4.666666666666667
#stopsponsoringouroppression,2021-10-26T10,4.666666666666667
#stopsponsoringouroppression,2021-10-26T11,2.6666666666666665
#stopsponsoringouroppression,2021-10-26T12,0.0
#stopsponsoringouroppression,2021-10-26T13,0.0
#stopsponsoringouroppression,2021-10-26T14,0.0
#stopsponsoringouroppression,2021-10-26T15,0.0
#stopsponsoringouroppression,2021-10-26T16,0.0
#stopsponsoringouroppression,2021-10-26T17,0.0
#stopsponsoringouroppression,2021-10-26T18,0.0
#stopsponsoringouroppression,2021-10-26T19,0.0
#stopsponsoringouroppression,2021-10-26T20,0.0
#stopsponsoringouroppression,2021-10-26T21,0.0
#stopsponsoringouroppression,2021-10-26T22,0.0
#stopsponsoringouroppression,2021-10-26T23,0.0
#stopsponsoringouroppression,2021-10-27T00,0.0
#stopsponsoringouroppression,2021-10-27T01,0.0
#stopsponsoringouroppression,2021-10-27T02,0.0
#stopsponsoringouroppression,2021-10-27T03,0.0
#stopsponsoringouroppression,2021-10-27T04,0.0
#stopsponsoringouroppression,2021-10-27T05,0.0
#stopsponsoringouroppression,2021-10-27T06,0.0
#stopsponsoringouroppression,2021-10-27T07,0.0
#stopsponsoringouroppression,2021-10-27T08,0.0
#stopsponsoringouroppression,2021-10-27T09,0.0
#stopsponsoringouroppression,2021-10-27T10,0.0
#stopsponsoringouroppression,2021-10-27T11,0.0
#stopsponsoringouroppression,2021-10-27T12,0.0
#stopsponsoringouroppression,2021-10-27T13,0.0
#stopsponsoringouroppression,2021-10-27T14,0.0
#stopsponsoringouroppression,2021-10-27T15,0.0
#stopsponsoringouroppression,2021-10-27T16,0.0
#stopsponsoringouroppression,2021-10-27T17,0.0
#stopsponsoringouroppression,2021-10-27T18,0.0
#stopsponsoringouroppression,2021-10-27T19,0.0
#stopsponsoringouroppression,2021-10-27T20,0.0
#stopsponsoringouroppression,2021-10-27T21,0.0
#stopsponsoringouroppression,2021-10-27T22,0.0
#stopsponsoringouroppression,2021-10-27T23,0.0
#stopsponsoringouroppression,2021-10-28T00,0.0
#stopsponsoringouroppression,2021-10-28T01,0.0
#stopsponsoringouroppression,2021-10-28T02,0.0
#stopsponsoringouroppression,2021-10-28T03,0.0
#stopsponsoringouroppression,2021-10-28T04,0.0
#stopsponsoringouroppression,2021-10-28T05,0.0
#stopsponsoringouroppression,2021-10-28T06,0.0
#stopsponsoringouroppression,2021-10-28T07,0.0
#stopsponsoringouroppression,2021-10-28T08,0.0
#stopsponsoringouroppression,2021-10-28T09,0.0
#stopsponsoringouroppression,2021-10-28T10,0.0
#stopsponsoringouroppression,2021-10-28T11,0.0
#stopsponsoringouroppression,2021-10-28T12,0.0
#stopsponsoringouroppression,2021-10-28T13,0.6666666666666666
#stopsponsoringouroppression,2021-10-28T14,35.666666666666664
#stopsponsoringouroppression,2021-10-28T15,182.33333333333334
#stopsponsoringouroppression,2021-10-28T16,298.0
#stopsponsoringouroppression,2021-10-28T17,263.0
#togetherforourplanet,2021-10-25T17,6.666666666666667
#togetherforourplanet,2021-10-25T18,14.0
#togetherforourplanet,2021-10-25T19,14.333333333333334
#togetherforourplanet,2021-10-25T20,14.0
#togetherforourplanet,2021-10-25T21,8.0
#togetherforourplanet,2021-10-25T22,9.0
#togetherforourplanet,2021-10-25T23,6.333333333333333
#togetherforourplanet,2021-10-26T00,7.666666666666667
#togetherforourplanet,2021-10-26T01,7.0
#togetherforourplanet,2021-10-26T02,8.333333333333334
#togetherforourplanet,2021-10-26T03,8.333333333333334
#togetherforourplanet,2021-10-26T04,9.666666666666666
#togetherforourplanet,2021-10-26T05,12.666666666666666
#togetherforourplanet,2021-10-26T06,26.333333333333332
#togetherforourplanet,2021-10-26T07,32.0
#togetherforourplanet,2021-10-26T08,37.666666666666664
#togetherforourplanet,2021-10-26T09,34.666666666666664
#togetherforourplanet,2021-10-26T10,33.666666666666664
#togetherforourplanet,2021-10-26T11,35.666666666666664
#togetherforourplanet,2021-10-26T12,33.666666666666664
#togetherforourplanet,2021-10-26T13,37.333333333333336
#togetherforourplanet,2021-10-26T14,32.333333333333336
#togetherforourplanet,2021-10-26T15,30.666666666666668
#togetherforourplanet,2021-10-26T16,28.666666666666668
#togetherforourplanet,2021-10-26T17,28.666666666666668
#togetherforourplanet,2021-10-26T18,24.666666666666668
#togetherforourplanet,2021-10-26T19,18.0
#togetherforourplanet,2021-10-26T20,13.666666666666666
#togetherforourplanet,2021-10-26T21,9.666666666666666
#togetherforourplanet,2021-10-26T22,6.0
#togetherforourplanet,2021-10-26T23,3.0
#togetherforourplanet,2021-10-27T00,3.3333333333333335
#togetherforourplanet,2021-10-27T01,3277.6666666666665
#togetherforourplanet,2021-10-27T02,4224.0
#togetherforourplanet,2021-10-27T03,4815.333333333333
#togetherforourplanet,2021-10-27T04,1979.3333333333333
#togetherforourplanet,2021-10-27T05,1389.6666666666667
#togetherforourplanet,2021-10-27T06,1060.3333333333333
#togetherforourplanet,2021-10-27T07,815.3333333333334
#togetherforourplanet,2021-10-27T08,628.3333333333334
#togetherforourplanet,2021-10-27T09,523.6666666666666
#togetherforourplanet,2021-10-27T10,474.3333333333333
#togetherforourplanet,2021-10-27T11,445.0
#togetherforourplanet,2021-10-27T12,426.0
#togetherforourplanet,2021-10-27T13,405.0
#togetherforourplanet,2021-10-27T14,365.0
#togetherforourplanet,2021-10-27T15,309.3333333333333
#togetherforourplanet,2021-10-27T16,246.33333333333334
#togetherforourplanet,2021-10-27T17,191.66666666666666
#togetherforourplanet,2021-10-27T18,140.66666666666666
#togetherforourplanet,2021-10-27T19,107.33333333333333
#togetherforourplanet,2021-10-27T20,88.0
#togetherforourplanet,2021-10-27T21,80.33333333333333
#togetherforourplanet,2021-10-27T22,84.66666666666667
#togetherforourplanet,2021-10-27T23,92.0
#togetherforourplanet,2021-10-28T00,95.33333333333333
#togetherforourplanet,2021-10-28T01,142.66666666666666
#togetherforourplanet,2021-10-28T02,143.0
#togetherforourplanet,2021-10-28T03,145.0
#togetherforourplanet,2021-10-28T04,90.66666666666667
#togetherforourplanet,2021-10-28T05,76.33333333333333
#togetherforourplanet,2021-10-28T06,77.0
#togetherforourplanet,2021-10-28T07,73.0
#togetherforourplanet,2021-10-28T08,89.33333333333333
#togetherforourplanet,2021-10-28T09,86.0
#togetherforourplanet,2021-10-28T10,103.0
#togetherforourplanet,2021-10-28T11,105.33333333333333
#togetherforourplanet,2021-10-28T12,140.0
#togetherforourplanet,2021-10-28T13,132.66666666666666
#togetherforourplanet,2021-10-28T14,124.33333333333333
#togetherforourplanet,2021-10-28T15,88.66666666666667
#togetherforourplanet,2021-10-28T16,74.66666666666667
#togetherforourplanet,2021-10-28T17,44.0
#torysewageparty,2021-10-25T17,28.0
#torysewageparty,2021-10-25T18,39.666666666666664
#torysewageparty,2021-10-25T19,31.666666666666668
#torysewageparty,2021-10-25T20,27.0
#torysewageparty,2021-10-25T21,32.666666666666664
#torysewageparty,2021-10-25T22,75.33333333333333
#torysewageparty,2021-10-25T23,76.0
#torysewageparty,2021-10-26T00,61.666666666666664
#torysewageparty,2021-10-26T01,10.333333333333334
#torysewageparty,2021-10-26T02,4.666666666666667
#torysewageparty,2021-10-26T03,2.0
#torysewageparty,2021-10-26T04,3.6666666666666665
#torysewageparty,2021-10-26T05,14.666666666666666
#torysewageparty,2021-10-26T06,40.333333333333336
#torysewageparty,2021-10-26T07,57.333333333333336
#torysewageparty,2021-10-26T08,63.0
#torysewageparty,2021-10-26T09,44.0
#torysewageparty,2021-10-26T10,39.333333333333336
#torysewageparty,2021-10-26T11,36.333333333333336
#torysewageparty,2021-10-26T12,43.0
#torysewageparty,2021-10-26T13,40.333333333333336
#torysewageparty,2021-10-26T14,45.333333333333336
#torysewageparty,2021-10-26T15,59.333333333333336
#torysewageparty,2021-10-26T16,55.333333333333336
#torysewageparty,2021-10-26T17,49.666666666666664
#torysewageparty,2021-10-26T18,42.666666666666664
#torysewageparty,2021-10-26T19,47.333333333333336
#torysewageparty,2021-10-26T20,46.0
#torysewageparty,2021-10-26T21,30.333333333333332
#torysewageparty,2021-10-26T22,20.0
#torysewageparty,2021-10-26T23,10.666666666666666
#torysewageparty,2021-10-27T00,6.333333333333333
#torysewageparty,2021-10-27T01,3.3333333333333335
#torysewageparty,2021-10-27T02,1.6666666666666667
#torysewageparty,2021-10-27T03,1.3333333333333333
#torysewageparty,2021-10-27T04,4.0
#torysewageparty,2021-10-27T05,8.333333333333334
#torysewageparty,2021-10-27T06,16.0
#torysewageparty,2021-10-27T07,21.0
#torysewageparty,2021-10-27T08,26.333333333333332
#torysewageparty,2021-10-27T09,26.0
#torysewageparty,2021-10-27T10,20.666666666666668
#torysewageparty,2021-10-27T11,16.0
#torysewageparty,2021-10-27T12,12.0
#torysewageparty,2021-10-27T13,14.0
#torysewageparty,2021-10-27T14,10.666666666666666
#torysewageparty,2021-10-27T15,8.0
#torysewageparty,2021-10-27T16,6.666666666666667
#torysewageparty,2021-10-27T17,7.333333333333333
#torysewageparty,2021-10-27T18,9.0
#torysewageparty,2021-10-27T19,9.333333333333334
#torysewageparty,2021-10-27T20,7.0
#torysewageparty,2021-10-27T21,6.0
#torysewageparty,2021-10-27T22,3.6666666666666665
#torysewageparty,2021-10-27T23,4.0
#torysewageparty,2021-10-28T00,2.6666666666666665
#torysewageparty,2021-10-28T01,1.6666666666666667
#torysewageparty,2021-10-28T02,0.6666666666666666
#torysewageparty,2021-10-28T03,2.0
#torysewageparty,2021-10-28T04,3.6666666666666665
#torysewageparty,2021-10-28T05,8.333333333333334
#torysewageparty,2021-10-28T06,15.333333333333334
#torysewageparty,2021-10-28T07,23.0
#torysewageparty,2021-10-28T08,27.0
#torysewageparty,2021-10-28T09,25.666666666666668
#torysewageparty,2021-10-28T10,24.0
#torysewageparty,2021-10-28T11,22.0
#torysewageparty,2021-10-28T12,29.333333333333332
#torysewageparty,2021-10-28T13,27.0
#torysewageparty,2021-10-28T14,25.0
#torysewageparty,2021-10-28T15,14.0
#torysewageparty,2021-10-28T16,16.666666666666668
#torysewageparty,2021-10-28T17,11.666666666666666
#ugandaisbleeding,2021-10-25T17,0.0
#ugandaisbleeding,2021-10-25T18,0.0
#ugandaisbleeding,2021-10-25T19,0.0
#ugandaisbleeding,2021-10-25T20,0.0
#ugandaisbleeding,2021-10-25T21,0.0
#ugandaisbleeding,2021-10-25T22,0.0
#ugandaisbleeding,2021-10-25T23,0.0
#ugandaisbleeding,2021-10-26T00,0.0
#ugandaisbleeding,2021-10-26T01,0.0
#ugandaisbleeding,2021-10-26T02,0.0
#ugandaisbleeding,2021-10-26T03,0.0
#ugandaisbleeding,2021-10-26T04,0.0
#ugandaisbleeding,2021-10-26T05,0.0
#ugandaisbleeding,2021-10-26T06,0.0
#ugandaisbleeding,2021-10-26T07,0.0
#ugandaisbleeding,2021-10-26T08,44.0
#ugandaisbleeding,2021-10-26T09,139.66666666666666
#ugandaisbleeding,2021-10-26T10,147.66666666666666
#ugandaisbleeding,2021-10-26T11,105.0
#ugandaisbleeding,2021-10-26T12,10.333333333333334
#ugandaisbleeding,2021-10-26T13,3.0
#ugandaisbleeding,2021-10-26T14,3.6666666666666665
#ugandaisbleeding,2021-10-26T15,2.6666666666666665
#ugandaisbleeding,2021-10-26T16,2.0
#ugandaisbleeding,2021-10-26T17,0.0
#ugandaisbleeding,2021-10-26T18,0.0
#ugandaisbleeding,2021-10-26T19,0.0
#ugandaisbleeding,2021-10-26T20,0.0
#ugandaisbleeding,2021-10-26T21,0.0
#ugandaisbleeding,2021-10-26T22,0.0
#ugandaisbleeding,2021-10-26T23,0.0
#ugandaisbleeding,2021-10-27T00,0.0
#ugandaisbleeding,2021-10-27T01,0.0
#ugandaisbleeding,2021-10-27T02,0.0
#ugandaisbleeding,2021-10-27T03,0.0
#ugandaisbleeding,2021-10-27T04,0.0
#ugandaisbleeding,2021-10-27T05,0.0
#ugandaisbleeding,2021-10-27T06,0.6666666666666666
#ugandaisbleeding,2021-10-27T07,0.6666666666666666
#ugandaisbleeding,2021-10-27T08,0.6666666666666666
#ugandaisbleeding,2021-10-27T09,0.0
#ugandaisbleeding,2021-10-27T10,0.0
#ugandaisbleeding,2021-10-27T11,0.0
#ugandaisbleeding,2021-10-27T12,0.0
#ugandaisbleeding,2021-10-27T13,0.0
#ugandaisbleeding,2021-10-27T14,0.0
#ugandaisbleeding,2021-10-27T15,0.0
#ugandaisbleeding,2021-10-27T16,0.0
#ugandaisbleeding,2021-10-27T17,0.0
#ugandaisbleeding,2021-10-27T18,0.0
#ugandaisbleeding,2021-10-27T19,0.0
#ugandaisbleeding,2021-10-27T20,0.0
#ugandaisbleeding,2021-10-27T21,0.0
#ugandaisbleeding,2021-10-27T22,0.0
#ugandaisbleeding,2021-10-27T23,0.0
#ugandaisbleeding,2021-10-28T00,0.0
#ugandaisbleeding,2021-10-28T01,0.0
#ugandaisbleeding,2021-10-28T02,0.0
#ugandaisbleeding,2021-10-28T03,0.0
#ugandaisbleeding,2021-10-28T04,0.0
#ugandaisbleeding,2021-10-28T05,0.0
#ugandaisbleeding,2021-10-28T06,0.0
#ugandaisbleeding,2021-10-28T07,0.0
#ugandaisbleeding,2021-10-28T08,0.0
#ugandaisbleeding,2021-10-28T09,0.0
#ugandaisbleeding,2021-10-28T10,0.0
#ugandaisbleeding,2021-10-28T11,1.0
#ugandaisbleeding,2021-10-28T12,1.0
#ugandaisbleeding,2021-10-28T13,5.666666666666667
#ugandaisbleeding,2021-10-28T14,47.333333333333336
#ugandaisbleeding,2021-10-28T15,196.33333333333334
#ugandaisbleeding,2021-10-28T16,308.0
#ugandaisbleeding,2021-10-28T17,265.3333333333333
#unknown,2021-10-25T17,38.333333333333336
#unknown,2021-10-25T18,49.333333333333336
#unknown,2021-10-25T19,40.666666666666664
#unknown,2021-10-25T20,32.0
#unknown,2021-10-25T21,31.666666666666668
#unknown,2021-10-25T22,18.333333333333332
#unknown,2021-10-25T23,23.0
#unknown,2021-10-26T00,16.333333333333332
#unknown,2021-10-26T01,14.666666666666666
#unknown,2021-10-26T02,16.0
#unknown,2021-10-26T03,24.333333333333332
#unknown,2021-10-26T04,37.666666666666664
#unknown,2021-10-26T05,46.333333333333336
#unknown,2021-10-26T06,49.666666666666664
#unknown,2021-10-26T07,62.666666666666664
#unknown,2021-10-26T08,76.66666666666667
#unknown,2021-10-26T09,82.33333333333333
#unknown,2021-10-26T10,86.33333333333333
#unknown,2021-10-26T11,76.33333333333333
#unknown,2021-10-26T12,89.33333333333333
#unknown,2021-10-26T13,75.66666666666667
#unknown,2021-10-26T14,69.0
#unknown,2021-10-26T15,55.333333333333336
#unknown,2021-10-26T16,61.333333333333336
#unknown,2021-10-26T17,59.666666666666664
#unknown,2021-10-26T18,54.333333333333336
#unknown,2021-10-26T19,42.0
#unknown,2021-10-26T20,40.333333333333336
#unknown,2021-10-26T21,29.0
#unknown,2021-10-26T22,20.0
#unknown,2021-10-26T23,11.333333333333334
#unknown,2021-10-27T00,11.333333333333334
#unknown,2021-10-27T01,14.666666666666666
#unknown,2021-10-27T02,14.666666666666666
#unknown,2021-10-27T03,18.666666666666668
#unknown,2021-10-27T04,30.666666666666668
#unknown,2021-10-27T05,37.0
#unknown,2021-10-27T06,48.666666666666664
#unknown,2021-10-27T07,60.666666666666664
#unknown,2021-10-27T08,78.0
#unknown,2021-10-27T09,92.0
#unknown,2021-10-27T10,86.33333333333333
#unknown,2021-10-27T11,91.33333333333333
#unknown,2021-10-27T12,97.0
#unknown,2021-10-27T13,98.33333333333333
#unknown,2021-10-27T14,80.66666666666667
#unknown,2021-10-27T15,69.0
#unknown,2021-10-27T16,61.666666666666664
#unknown,2021-10-27T17,68.33333333333333
#unknown,2021-10-27T18,55.666666666666664
#unknown,2021-10-27T19,50.0
#unknown,2021-10-27T20,42.0
#unknown,2021-10-27T21,34.666666666666664
#unknown,2021-10-27T22,26.0
#unknown,2021-10-27T23,14.0
#unknown,2021-10-28T00,15.666666666666666
#unknown,2021-10-28T01,15.666666666666666
#unknown,2021-10-28T02,20.0
#unknown,2021-10-28T03,15.333333333333334
#unknown,2021-10-28T04,10.666666666666666
#unknown,2021-10-28T05,4.666666666666667
#unknown,2021-10-28T06,0.0
#unknown,2021-10-28T07,2.6666666666666665
#unknown,2021-10-28T08,2.6666666666666665
#unknown,2021-10-28T09,2.6666666666666665
#unknown,2021-10-28T10,28.666666666666668
#unknown,2021-10-28T11,68.0
#unknown,2021-10-28T12,142.66666666666666
#unknown,2021-10-28T13,141.66666666666666
#unknown,2021-10-28T14,142.33333333333334
#unknown,2021-10-28T15,101.33333333333333
#unknown,2021-10-28T16,87.33333333333333
#unknown,2021-10-28T17,47.333333333333336
#,2021-10-25T17,0.0
#,2021-10-25T18,0.0
#,2021-10-25T19,0.0
#,2021-10-25T20,0.0
#,2021-10-25T21,0.0
#,2021-10-25T22,0.0
#,2021-10-25T23,0.3333333333333333
#,2021-10-26T00,0.3333333333333333
#,2021-10-26T01,0.3333333333333333
#,2021-10-26T02,0.0
#,2021-10-26T03,0.0
#,2021-10-26T04,0.3333333333333333
#,2021-10-26T05,0.3333333333333333
#,2021-10-26T06,0.3333333333333333
#,2021-10-26T07,0.0
#,2021-10-26T08,0.0
#,2021-10-26T09,0.0
#,2021-10-26T10,0.0
#,2021-10-26T11,0.0
#,2021-10-26T12,0.0
#,2021-10-26T13,0.0
#,2021-10-26T14,0.0
#,2021-10-26T15,0.0
#,2021-10-26T16,0.0
#,2021-10-26T17,0.0
#,2021-10-26T18,0.0
#,2021-10-26T19,0.0
#,2021-10-26T20,0.0
#,2021-10-26T21,0.3333333333333333
#,2021-10-26T22,0.3333333333333333
#,2021-10-26T23,0.3333333333333333
#,2021-10-27T00,0.0
#,2021-10-27T01,0.6666666666666666
#,2021-10-27T02,0.6666666666666666
#,2021-10-27T03,0.6666666666666666
#,2021-10-27T04,0.0
#,2021-10-27T05,0.0
#,2021-10-27T06,0.0
#,2021-10-27T07,0.0
#,2021-10-27T08,0.0
#,2021-10-27T09,0.3333333333333333
#,2021-10-27T10,0.3333333333333333
#,2021-10-27T11,0.3333333333333333
#,2021-10-27T12,0.0
#,2021-10-27T13,0.0
#,2021-10-27T14,0.0
#,2021-10-27T15,0.0
#,2021-10-27T16,0.0
#,2021-10-27T17,0.0
#,2021-10-27T18,0.0
#,2021-10-27T19,0.0
#,2021-10-27T20,0.0
#,2021-10-27T21,0.0
#,2021-10-27T22,0.0
#,2021-10-27T23,0.0
#,2021-10-28T00,0.0
#,2021-10-28T01,0.0
#,2021-10-28T02,0.0
#,2021-10-28T03,7.666666666666667
#,2021-10-28T04,15.0
#,2021-10-28T05,22.666666666666668
#,2021-10-28T06,19.0
#,2021-10-28T07,41.0
#,2021-10-28T08,53.666666666666664
#,2021-10-28T09,105.33333333333333
#,2021-10-28T10,113.33333333333333
#,2021-10-28T11,148.66666666666666
#,2021-10-28T12,188.33333333333334
#,2021-10-28T13,178.66666666666666
#,2021-10-28T14,148.66666666666666
#,2021-10-28T15,73.0
#,2021-10-28T16,56.333333333333336
#,2021-10-28T17,30.666666666666668
